mean_fit_time,std_fit_time,mean_score_time,std_score_time,param_n_estimators,param_min_samples_split,param_min_samples_leaf,param_max_features,param_max_depth,param_bootstrap,params,split0_test_score,split1_test_score,split2_test_score,split3_test_score,split4_test_score,mean_test_score,std_test_score,rank_test_score,split0_train_score,split1_train_score,split2_train_score,split3_train_score,split4_train_score,mean_train_score,std_train_score
17.541219091415407,0.9677382890830916,0.36841907501220705,0.12539156335450205,1500,10,1,log2,,True,"{'n_estimators': 1500, 'min_samples_split': 10, 'min_samples_leaf': 1, 'max_features': 'log2', 'max_depth': None, 'bootstrap': True}",0.8519360224836485,0.8713474023330996,0.9503030944702106,0.8596677532505894,0.7469513544342807,0.8560411253943657,0.06488479537675935,46,0.9701293457778805,0.9648376236281111,0.9619043562356773,0.9707769324670974,0.9752569404816451,0.9685810397180823,0.004698470261091348
11.461120986938477,0.7493772333304104,0.08689336776733399,0.025053705580563197,400,20,2,0.4,50,True,"{'n_estimators': 400, 'min_samples_split': 20, 'min_samples_leaf': 2, 'max_features': 0.4, 'max_depth': 50, 'bootstrap': True}",0.8371856844463779,0.8865586207637798,0.9498625862696776,0.8615240576798164,0.7475819470276959,0.8565425792374695,0.06615362474782326,45,0.9584065401485222,0.9520006287295557,0.9475798084613133,0.9596342949083113,0.9656422350138878,0.9566527014523182,0.006272746307763555
53.22753200531006,1.227596190001888,0.6934422492980957,0.1351772073017892,2000,2,1,log2,30,False,"{'n_estimators': 2000, 'min_samples_split': 2, 'min_samples_leaf': 1, 'max_features': 'log2', 'max_depth': 30, 'bootstrap': False}",0.8566904714505915,0.8866771559195332,0.9625805666054188,0.869159487202882,0.7602360021571718,0.8670687366671196,0.06485724717149409,5,0.9999995876449705,0.9999996229405473,0.99999931009129,0.9999999990776547,0.9999999989063603,0.9999997037321645,2.6431550258772775e-07
11.537715816497803,0.17257978949214872,0.20206799507141113,0.030973896183730396,1000,2,8,sqrt,50,True,"{'n_estimators': 1000, 'min_samples_split': 2, 'min_samples_leaf': 8, 'max_features': 'sqrt', 'max_depth': 50, 'bootstrap': True}",0.8362756052529526,0.8556832299251073,0.9388247604080062,0.84650124010554,0.7319067075600315,0.8418383086503274,0.06593284035557476,87,0.9407053867750811,0.9313266746250922,0.9264708462738349,0.9419397446609229,0.9497192352952198,0.9380323775260301,0.008217427787096833
53.40073895454407,2.241496005087629,0.2666649341583252,0.027698350305753353,1500,20,8,0.6,20,True,"{'n_estimators': 1500, 'min_samples_split': 20, 'min_samples_leaf': 8, 'max_features': 0.6, 'max_depth': 20, 'bootstrap': True}",0.8186842064506687,0.8849363615628977,0.9469551737800266,0.8517886795431896,0.736781021049915,0.8478290884773395,0.06985657634382736,69,0.9454096249395326,0.9400091221509749,0.933884298456856,0.9483110375412657,0.9556806478683145,0.9446589461913888,0.0073904410568786825
10.475543928146362,0.4246514289251263,0.02585000991821289,0.008823387775643076,100,10,4,1.0,15,False,"{'n_estimators': 100, 'min_samples_split': 10, 'min_samples_leaf': 4, 'max_features': 1.0, 'max_depth': 15, 'bootstrap': False}",0.7005537194851947,0.8672182612774342,0.9163530893134174,0.7866574504838023,0.6071411416176661,0.775584732435503,0.11165834960545157,98,0.9603646833203754,0.960535693327906,0.9538848789096064,0.9686207779282591,0.9686327328045687,0.9624077532581431,0.005615517362075233
79.78243584632874,1.4927953183451073,0.5034238338470459,0.11838709465884181,1500,2,2,0.4,,False,"{'n_estimators': 1500, 'min_samples_split': 2, 'min_samples_leaf': 2, 'max_features': 0.4, 'max_depth': None, 'bootstrap': False}",0.852494752579203,0.8983179963855651,0.9632037139090853,0.8726997111492476,0.7574315116565058,0.8688295371359214,0.06703339165617483,2,0.9976628410122785,0.9973907487188455,0.9972476409297277,0.9979626734560167,0.9983008503346658,0.9977129508903069,0.0003823155019318009
184.0622169971466,4.124446413960486,0.40120906829833985,0.031276071229324624,2000,20,2,0.8,30,False,"{'n_estimators': 2000, 'min_samples_split': 20, 'min_samples_leaf': 2, 'max_features': 0.8, 'max_depth': 30, 'bootstrap': False}",0.8086460844125668,0.8962309274538662,0.9515544826172633,0.8536000116288642,0.7260542450662647,0.847217150235765,0.07680826376515386,72,0.9760883368240179,0.9726279917039087,0.9696770077145599,0.9772203434841711,0.978775578029376,0.9748778515512067,0.0032940995946081774
28.35220069885254,0.9318646081415972,0.3846639633178711,0.07535013628221025,1500,5,2,log2,50,False,"{'n_estimators': 1500, 'min_samples_split': 5, 'min_samples_leaf': 2, 'max_features': 'log2', 'max_depth': 50, 'bootstrap': False}",0.8548327845267863,0.8840908419123162,0.9604817425404188,0.867692499816864,0.7588351715672618,0.8651866080727295,0.06459511113467822,9,0.9948909497399837,0.9941279904750883,0.9938756189966612,0.9952416085980076,0.9960334866193469,0.9948339308858175,0.0007778302854722258
67.5580719947815,1.5304412676876264,0.12910685539245606,0.027410919993494057,600,10,4,1.0,30,False,"{'n_estimators': 600, 'min_samples_split': 10, 'min_samples_leaf': 4, 'max_features': 1.0, 'max_depth': 30, 'bootstrap': False}",0.6992947636146141,0.8662807853622081,0.9159144169534122,0.7829297354042016,0.6063495356462661,0.7741538473961405,0.11173416438761638,99,0.9675729487036723,0.9645554205527251,0.9569750692699398,0.9697917530224512,0.9693296315352105,0.9656449646167999,0.004708374212255724
9.180682229995728,0.4880266264198006,0.04286646842956543,0.014358086878265692,200,20,8,0.8,15,True,"{'n_estimators': 200, 'min_samples_split': 20, 'min_samples_leaf': 8, 'max_features': 0.8, 'max_depth': 15, 'bootstrap': True}",0.8079984508955623,0.8879570890542606,0.9473434049326613,0.8476682543002381,0.7317790162681157,0.8445492430901677,0.07281990593048307,80,0.94520439414572,0.9402677831036682,0.9336645646671848,0.9476875241676168,0.9551703342656043,0.9443989200699588,0.007208047554217776
40.544053888320924,1.5825038539701415,0.1413172721862793,0.016377615333321032,800,20,2,0.8,15,True,"{'n_estimators': 800, 'min_samples_split': 20, 'min_samples_leaf': 2, 'max_features': 0.8, 'max_depth': 15, 'bootstrap': True}",0.8224317088315437,0.8925966168923763,0.9531429335878541,0.8556814457875722,0.7420690695047643,0.853184354920822,0.07048916399026002,53,0.9573522237534795,0.9541789636208241,0.9488297954297478,0.9611085785180319,0.9671832424989336,0.9577305607642034,0.00620878088878764
6.80504469871521,0.316132445700708,0.022228097915649413,0.0019529512633597195,100,10,1,0.6,15,False,"{'n_estimators': 100, 'min_samples_split': 10, 'min_samples_leaf': 1, 'max_features': 0.6, 'max_depth': 15, 'bootstrap': False}",0.8419891580087498,0.8968311642549249,0.9590404949551048,0.8674395518044244,0.7401971298484558,0.8610994997743319,0.07196106566663515,26,0.9844339298851429,0.9869680280431765,0.9856045041586511,0.9919142455640205,0.9937477357340646,0.9885336886770112,0.0036456519003853125
4.493090724945068,0.2234667668150969,0.022898101806640626,0.006505198960134236,100,20,8,0.8,15,True,"{'n_estimators': 100, 'min_samples_split': 20, 'min_samples_leaf': 8, 'max_features': 0.8, 'max_depth': 15, 'bootstrap': True}",0.8052690714733676,0.8875460836630129,0.9472499595116485,0.8491845319594944,0.7313845292865152,0.8441268351788077,0.07316548851189901,82,0.9446666555616564,0.9397183693700627,0.9331711954938432,0.9474633783273038,0.955039853857689,0.9440118905221111,0.007347277771205518
41.022093772888184,1.860769593458655,0.07697410583496093,0.02779436211596713,400,5,8,1.0,,False,"{'n_estimators': 400, 'min_samples_split': 5, 'min_samples_leaf': 8, 'max_features': 1.0, 'max_depth': None, 'bootstrap': False}",0.7105182223925421,0.878450257766799,0.9139977027616708,0.7946740200113992,0.6147783829178765,0.7824837171700575,0.1095063654577843,92,0.9445161611598656,0.9417687549913631,0.9268115910063787,0.9490566486481761,0.9493831312044863,0.9423072574020539,0.00825720521683738
93.92888641357422,2.232595111586913,0.2972379684448242,0.05529836735379753,1500,20,4,1.0,50,True,"{'n_estimators': 1500, 'min_samples_split': 20, 'min_samples_leaf': 4, 'max_features': 1.0, 'max_depth': 50, 'bootstrap': True}",0.8103080847751156,0.89218632718349,0.9512642278996774,0.8498102086229287,0.7369457452895927,0.8481029187541609,0.07262628192355101,68,0.9542741869354949,0.95022264701123,0.9447040526482663,0.9560124485873283,0.962947365043268,0.9536321400451175,0.006069380479845934
55.003915786743164,1.457117397390793,0.14124855995178223,0.03544037519284313,400,2,1,1.0,,False,"{'n_estimators': 400, 'min_samples_split': 2, 'min_samples_leaf': 1, 'max_features': 1.0, 'max_depth': None, 'bootstrap': False}",0.6936664461300059,0.8608891333203283,0.9204304391928633,0.762366283879574,0.5781262916614308,0.7630957188368405,0.12112176610287947,100,1.0,1.0,1.0,1.0,1.0,1.0,0.0
7.98026328086853,0.3617071450250228,0.11919283866882324,0.03414438344597873,400,5,1,log2,50,False,"{'n_estimators': 400, 'min_samples_split': 5, 'min_samples_leaf': 1, 'max_features': 'log2', 'max_depth': 50, 'bootstrap': False}",0.8566854474971413,0.8852910535620243,0.9615499663660205,0.8673907255831803,0.7594396731040998,0.8660713732224933,0.0647235870815786,8,0.997970509036342,0.997685793928135,0.9976391511165017,0.9981580042600315,0.9984986272348291,0.9979904171151679,0.00031715686855219975
17.470024585723877,0.2791636497776917,0.34669909477233884,0.0886076929361344,1500,20,4,sqrt,,True,"{'n_estimators': 1500, 'min_samples_split': 20, 'min_samples_leaf': 4, 'max_features': 'sqrt', 'max_depth': None, 'bootstrap': True}",0.8408400303770346,0.8634118326702068,0.942535100503805,0.8521687341340731,0.7352038414789304,0.84683190783281,0.06627096574421765,74,0.9470537725383613,0.9382298855179809,0.9336258326286568,0.9479292029398875,0.9546615678731805,0.9443000522996133,0.007468609038435935
172.85720477104186,5.742816258864066,0.6986301898956299,0.20021609359128215,2000,2,1,0.6,50,False,"{'n_estimators': 2000, 'min_samples_split': 2, 'min_samples_leaf': 1, 'max_features': 0.6, 'max_depth': 50, 'bootstrap': False}",0.8430737201242591,0.895569170958788,0.9627598403492131,0.8689967083068248,0.7415220027758977,0.8623842885029965,0.07238895232007166,18,1.0,1.0,1.0,1.0,1.0,1.0,0.0
21.021545696258546,0.8823082186065111,0.05028414726257324,0.007254989724095326,200,5,1,0.8,20,False,"{'n_estimators': 200, 'min_samples_split': 5, 'min_samples_leaf': 1, 'max_features': 0.8, 'max_depth': 20, 'bootstrap': False}",0.8080507300184583,0.8922836751330339,0.9563060045693924,0.8507858439657393,0.7090034561427916,0.8432859419658831,0.0830708939355255,83,0.9955710183761634,0.9970688371061218,0.9973642149963301,0.9987399909024575,0.9980215243431539,0.9973531171448453,0.001060848841858821
11.330626249313354,0.5108379517632973,0.12855186462402343,0.0192280442462267,600,20,4,sqrt,30,False,"{'n_estimators': 600, 'min_samples_split': 20, 'min_samples_leaf': 4, 'max_features': 'sqrt', 'max_depth': 30, 'bootstrap': False}",0.8468235111296333,0.8751084898924572,0.9517958391380729,0.8630352267217458,0.7465714502229289,0.8566669034209676,0.06579979217383658,43,0.9673746629031013,0.962238664862368,0.9591631339953502,0.9688539546143483,0.9735329117597628,0.966232665626986,0.005047756470581983
3.948129940032959,0.1953736196522631,0.04378104209899902,0.004469554909544952,200,10,4,sqrt,,False,"{'n_estimators': 200, 'min_samples_split': 10, 'min_samples_leaf': 4, 'max_features': 'sqrt', 'max_depth': None, 'bootstrap': False}",0.8526578486959757,0.8824913169336625,0.958771878370087,0.8645331601057009,0.7541321325080154,0.8625172673226883,0.0655934786604764,17,0.9807395716332622,0.9774537826798285,0.976377328488627,0.9813424105202659,0.9843621932390932,0.9800550573122153,0.002862501599774236
21.483837413787843,0.6528119188900575,0.3416127681732178,0.037136607018900224,2000,20,1,sqrt,10,True,"{'n_estimators': 2000, 'min_samples_split': 20, 'min_samples_leaf': 1, 'max_features': 'sqrt', 'max_depth': 10, 'bootstrap': True}",0.8421460710488811,0.8655164937244723,0.9412829886522064,0.8505938894604994,0.7389059162323932,0.8476890718236906,0.06473109917562758,70,0.9434183612580666,0.9325138688113996,0.9271214537977613,0.9466098805620067,0.955856907151404,0.9411040943161275,0.01022370979932917
2.170358657836914,0.23302613316258108,0.0464597225189209,0.014657455424140656,200,10,4,log2,30,True,"{'n_estimators': 200, 'min_samples_split': 10, 'min_samples_leaf': 4, 'max_features': 'log2', 'max_depth': 30, 'bootstrap': True}",0.8440733530163763,0.865158018137543,0.9436041127051755,0.8546630944723663,0.7393855975423367,0.8493768351747596,0.06524104441649724,67,0.957677207251705,0.9500378883474133,0.9461510400471317,0.9577825715900019,0.9639114901050925,0.955112039468269,0.006279947122439529
12.854497146606445,0.5049470935632879,0.25166935920715333,0.062406288644151646,1000,10,4,sqrt,20,True,"{'n_estimators': 1000, 'min_samples_split': 10, 'min_samples_leaf': 4, 'max_features': 'sqrt', 'max_depth': 20, 'bootstrap': True}",0.8455996793301983,0.8713579205269875,0.9482390190075972,0.8565436791391152,0.7451034189656096,0.8533687433939015,0.0649858426673373,52,0.9592740952391685,0.952433973040458,0.9490629212135202,0.9603249905471759,0.9660912117445697,0.9574374383569785,0.006029365846546253
64.626944065094,2.8435396364958483,0.2926931381225586,0.016055919420892642,1500,10,2,0.6,,True,"{'n_estimators': 1500, 'min_samples_split': 10, 'min_samples_leaf': 2, 'max_features': 0.6, 'max_depth': None, 'bootstrap': True}",0.8349980229168193,0.8952987199674528,0.9563433248433187,0.8650063820115494,0.7513385227517626,0.8605969944981805,0.06779931152708597,28,0.9719174642067088,0.9685024651957622,0.965365244784975,0.9732525526398983,0.9778622062263217,0.9713799866107331,0.004249042376080072
15.837397480010987,0.5131805747764868,0.20021414756774902,0.014230990521672631,1000,20,4,log2,50,False,"{'n_estimators': 1000, 'min_samples_split': 20, 'min_samples_leaf': 4, 'max_features': 'log2', 'max_depth': 50, 'bootstrap': False}",0.849365360746961,0.8699362986099086,0.950407241738117,0.8599062780162946,0.74385628521343,0.8546942928649421,0.06593013509469128,48,0.9657620156006517,0.9601948041232292,0.9569480943632321,0.9667715156611465,0.9713577230584222,0.9642068305613364,0.005077737311171493
43.059825801849364,1.4110279931932652,0.2782236099243164,0.01789670904997782,1500,10,2,0.4,50,True,"{'n_estimators': 1500, 'min_samples_split': 10, 'min_samples_leaf': 2, 'max_features': 0.4, 'max_depth': 50, 'bootstrap': True}",0.8421341313018396,0.8908905750990498,0.9554109778757208,0.8656121006317413,0.7539846702313304,0.8616064910279363,0.06577919632503514,24,0.971040432904288,0.966629230924609,0.9641039160406848,0.9723031185037072,0.9768439005943861,0.970184119793535,0.004453812311701779
1.2099057674407958,0.07688572855650128,0.02357487678527832,0.007167420194884163,100,5,8,sqrt,20,True,"{'n_estimators': 100, 'min_samples_split': 5, 'min_samples_leaf': 8, 'max_features': 'sqrt', 'max_depth': 20, 'bootstrap': True}",0.8361376667999991,0.8595405521803343,0.9392514551163235,0.8466612334357458,0.7284811664227904,0.8420144147910387,0.06739159454787054,86,0.9405722838859243,0.9312748803427876,0.9248227547740402,0.9419202823512222,0.9493928892642111,0.937596618123637,0.008600425865591541
147.007243680954,3.674140576609118,0.33034648895263674,0.10424470732129258,1500,10,8,1.0,20,False,"{'n_estimators': 1500, 'min_samples_split': 10, 'min_samples_leaf': 8, 'max_features': 1.0, 'max_depth': 20, 'bootstrap': False}",0.7103858823991855,0.8784552265883919,0.9140189101225836,0.7946712105765447,0.614807716242858,0.7824677891859129,0.10952069247197779,94,0.9445177207192155,0.9417618910352257,0.9268107696268525,0.9490566703847946,0.9493804773935037,0.9423055058319184,0.008257235702541077
2.67509069442749,0.4319794076023948,0.04347648620605469,0.007958441571409338,200,10,2,sqrt,30,True,"{'n_estimators': 200, 'min_samples_split': 10, 'min_samples_leaf': 2, 'max_features': 'sqrt', 'max_depth': 30, 'bootstrap': True}",0.8517482633752393,0.8773027821185987,0.9503982467183223,0.8613049012692056,0.7472066477237784,0.8575921682410289,0.0651680523757576,38,0.9669003549165727,0.9611455589154655,0.9586170752505865,0.9676535717778194,0.9721813200855364,0.9652995761891962,0.004845077194948841
14.687212276458741,0.7134366619868359,0.26139163970947266,0.047558601008721856,1000,2,8,log2,50,False,"{'n_estimators': 1000, 'min_samples_split': 2, 'min_samples_leaf': 8, 'max_features': 'log2', 'max_depth': 50, 'bootstrap': False}",0.8438884060550841,0.8644380548736375,0.9473070679228935,0.8560399811482023,0.7396158885540456,0.8502578797107725,0.06623484792628379,64,0.9594406533249327,0.9530777742897059,0.9497066445330895,0.9608862880454592,0.9659816989316167,0.9578186118249608,0.005778532703245094
2.1208447456359862,0.15806466977377132,0.05314950942993164,0.012322460332203262,200,5,4,log2,20,True,"{'n_estimators': 200, 'min_samples_split': 5, 'min_samples_leaf': 4, 'max_features': 'log2', 'max_depth': 20, 'bootstrap': True}",0.8483157303828983,0.8642446178663223,0.9475157007356784,0.857477585200442,0.7438395101309601,0.8522786288632602,0.06483064234519509,55,0.960288489724624,0.9530097990887508,0.9500045496088099,0.9608959308341031,0.9661646510462141,0.9580726840605003,0.005815290956631895
2.298380708694458,0.12021148825320851,0.04220690727233887,0.01337662080418271,200,5,8,sqrt,50,True,"{'n_estimators': 200, 'min_samples_split': 5, 'min_samples_leaf': 8, 'max_features': 'sqrt', 'max_depth': 50, 'bootstrap': True}",0.8344153892964661,0.8582222993058382,0.9387345889143062,0.8464183294999693,0.7286761544717679,0.8412933522976695,0.06713805009487991,88,0.9405968644696961,0.9318511038377978,0.9259855723646586,0.9422911892626199,0.949233415968915,0.9379916291807374,0.00816703973000735
1.7213620662689209,0.19934652223233576,0.0426429271697998,0.019218398534495473,100,2,1,sqrt,30,True,"{'n_estimators': 100, 'min_samples_split': 2, 'min_samples_leaf': 1, 'max_features': 'sqrt', 'max_depth': 30, 'bootstrap': True}",0.8532240031102397,0.8845369996676788,0.9574710705433946,0.8667845675334309,0.7496472815866668,0.8623327844882823,0.06685077633042322,19,0.9881804879196692,0.9864349958254207,0.9846389621518349,0.9883912437556578,0.9902204500406945,0.9875732279386554,0.0018947922033951503
8.749118185043335,0.4839548997160704,0.026232337951660155,0.006575089747250979,100,5,4,1.0,10,False,"{'n_estimators': 100, 'min_samples_split': 5, 'min_samples_leaf': 4, 'max_features': 1.0, 'max_depth': 10, 'bootstrap': False}",0.6965989256944399,0.8693467425031834,0.9143280999581642,0.7929835681752313,0.626733515106324,0.7799981702874685,0.10643477481265916,97,0.9485181349188461,0.9419972099252194,0.9394304233686634,0.9568987082713596,0.9623395172488922,0.9498367987465961,0.008691135849460838
110.23545503616333,1.6427033012971817,0.28582515716552737,0.03839877842688635,1500,2,1,0.8,10,False,"{'n_estimators': 1500, 'min_samples_split': 2, 'min_samples_leaf': 1, 'max_features': 0.8, 'max_depth': 10, 'bootstrap': False}",0.8007277091674886,0.8881754961576203,0.9518454925815231,0.8520278143008011,0.7217263607877791,0.8429005745990423,0.07805621160728195,85,0.9719125903698451,0.9683569117056418,0.9715258864442715,0.9810787826587273,0.9852659981566305,0.9756280338670231,0.006420317272260818
25.6148512840271,2.26652878596476,0.11989393234252929,0.042330140326118766,600,20,2,0.8,10,True,"{'n_estimators': 600, 'min_samples_split': 20, 'min_samples_leaf': 2, 'max_features': 0.8, 'max_depth': 10, 'bootstrap': True}",0.820718554916778,0.8908518326996845,0.9513401992516852,0.8524198464716304,0.7405160283490912,0.8511692923377738,0.07040152090403075,61,0.9487730587844696,0.9446434681710665,0.9385259913620783,0.9548255219703718,0.9622545974960741,0.9498045275568121,0.008186824377021238
21.139577293395995,0.7340941557014146,0.0982696533203125,0.010548213106868593,400,2,2,0.4,,False,"{'n_estimators': 400, 'min_samples_split': 2, 'min_samples_leaf': 2, 'max_features': 0.4, 'max_depth': None, 'bootstrap': False}",0.8510716667745557,0.8976903930618757,0.9635988861591924,0.8740041042623511,0.7564312863185432,0.8685592673153035,0.06751192217929634,3,0.9976316786371136,0.9973797266252424,0.997248962008073,0.9979395132773898,0.9982684170568893,0.9976936595209416,0.00037173691385227056
92.02703285217285,2.09993291863964,0.3494402885437012,0.05839740220290285,2000,20,8,0.8,20,True,"{'n_estimators': 2000, 'min_samples_split': 20, 'min_samples_leaf': 8, 'max_features': 0.8, 'max_depth': 20, 'bootstrap': True}",0.8087605874902768,0.8882118791691919,0.9474510203527349,0.8485650076802828,0.7340617167327332,0.8454100422850439,0.07210540117407349,79,0.9457416746361349,0.940918181911603,0.9345861972175971,0.9482654436305703,0.9560304183102957,0.9451083831412401,0.007182382950545681
11.143317699432373,0.5683962214460986,0.017247343063354494,0.0011262517631286805,100,20,2,1.0,30,False,"{'n_estimators': 100, 'min_samples_split': 20, 'min_samples_leaf': 2, 'max_features': 1.0, 'max_depth': 30, 'bootstrap': False}",0.7195172458268553,0.8718105995574152,0.9163531261133155,0.7931105998959544,0.6451941905870472,0.7891971523961175,0.09859115656534408,91,0.95973772658828,0.9507277140431355,0.9461210760128523,0.9609454958257254,0.9610007005242663,0.9557065425988519,0.006138323661517858
26.341008758544923,0.9684393639449101,0.08834328651428222,0.024926569794638184,400,20,2,0.6,20,False,"{'n_estimators': 400, 'min_samples_split': 20, 'min_samples_leaf': 2, 'max_features': 0.6, 'max_depth': 20, 'bootstrap': False}",0.8354815285316672,0.8968579313423093,0.9564060787107433,0.8667240603782254,0.7456579737865603,0.8602255145499011,0.0698181240379083,29,0.9767823454845299,0.9754087210384117,0.9716327630796359,0.9796210494550176,0.982315153931892,0.9771520065978974,0.003643954058913223
99.04561290740966,0.30348096891878257,0.385330867767334,0.04518210938352913,1500,2,1,0.8,,True,"{'n_estimators': 1500, 'min_samples_split': 2, 'min_samples_leaf': 1, 'max_features': 0.8, 'max_depth': None, 'bootstrap': True}",0.8351207608471255,0.896766977676734,0.9591274460020207,0.8654512123755195,0.7530978376142742,0.8619128469031347,0.06817115352100749,22,0.9886542068276669,0.9871795564275255,0.9859177471476941,0.9889709052236193,0.9907436859753554,0.9882932203203723,0.0016417959722897456
40.792548418045044,1.1675801582870393,0.33586850166320803,0.049098757701639746,1500,5,4,0.4,20,True,"{'n_estimators': 1500, 'min_samples_split': 5, 'min_samples_leaf': 4, 'max_features': 0.4, 'max_depth': 20, 'bootstrap': True}",0.8385792960765232,0.8905760010825702,0.9544775703312236,0.863487910596057,0.7524131047002529,0.8599067765573254,0.06619186022764945,31,0.9670933323988269,0.9623369442386285,0.9593847598674996,0.9685309204700194,0.9736457202570845,0.9661983354464118,0.0049606585688701564
14.107440280914307,0.7710389014392951,0.04266633987426758,0.004152983550058684,200,10,2,0.6,20,False,"{'n_estimators': 200, 'min_samples_split': 10, 'min_samples_leaf': 2, 'max_features': 0.6, 'max_depth': 20, 'bootstrap': False}",0.8393456341227621,0.8980440045404285,0.9595042844422615,0.8674487938731303,0.7433734084819081,0.8615432250920982,0.07130272139897226,25,0.9893736171412169,0.9887812267050821,0.9875419449980462,0.9909985109003767,0.992275747432,0.9897942094353445,0.0016663792985231168
14.522511291503907,0.6260742976572117,0.3128945350646973,0.07790488819588386,1500,20,4,log2,,True,"{'n_estimators': 1500, 'min_samples_split': 20, 'min_samples_leaf': 4, 'max_features': 'log2', 'max_depth': None, 'bootstrap': True}",0.8424433818761223,0.8559921271554738,0.9393911336159246,0.8478426797040672,0.7306720105494506,0.8432682665802076,0.06648462191732987,84,0.9443517715361581,0.9354864516681483,0.9304423912379574,0.9450535083792099,0.9525149307871301,0.9415698107217209,0.00775239099027399
12.775642442703248,0.15690410435564234,0.33032665252685545,0.058534700392637876,1500,20,8,log2,10,True,"{'n_estimators': 1500, 'min_samples_split': 20, 'min_samples_leaf': 8, 'max_features': 'log2', 'max_depth': 10, 'bootstrap': True}",0.8346272875969276,0.8421778023407874,0.9319200749151781,0.8384370280490793,0.7218051753633903,0.8337934736530725,0.066727451082349,90,0.9282976441356624,0.9162101937931111,0.9104645101092627,0.9309068614153406,0.9406016993175786,0.925296181754191,0.010745054970380134
8.930300092697143,0.6096844827310394,0.12328114509582519,0.026991192226264744,400,2,1,log2,,False,"{'n_estimators': 400, 'min_samples_split': 2, 'min_samples_leaf': 1, 'max_features': 'log2', 'max_depth': None, 'bootstrap': False}",0.8546635818002944,0.8865772347518871,0.9622488066202902,0.871125749617765,0.759203063574231,0.8667636872728934,0.06518391303271504,6,0.999999999967197,0.9999999820564226,0.9999999967505468,0.9999999986121467,0.9999999978008273,0.9999999950374281,6.575087671742532e-09
50.26397576332092,1.9486646208760443,0.2326744556427002,0.049016964920688376,1000,20,8,0.6,10,False,"{'n_estimators': 1000, 'min_samples_split': 20, 'min_samples_leaf': 8, 'max_features': 0.6, 'max_depth': 10, 'bootstrap': False}",0.8193738462645299,0.8967405353491227,0.9497062236155565,0.8587136013846133,0.7339020058195913,0.8516872424866827,0.07294437213491715,60,0.9520910948715555,0.9482527606850322,0.9435532686132827,0.9602558267342494,0.9662551940212986,0.9540816289850838,0.0081865830157854
3.299317502975464,0.23052222903407274,0.04267973899841308,0.004814022115178995,200,5,4,log2,,False,"{'n_estimators': 200, 'min_samples_split': 5, 'min_samples_leaf': 4, 'max_features': 'log2', 'max_depth': None, 'bootstrap': False}",0.8519415259339864,0.8776949757456479,0.9564615957551341,0.8634984952104261,0.7543746752012521,0.8607942535692892,0.06457350097440173,27,0.981623351788006,0.9789625471129428,0.9774222041873701,0.9824489893987868,0.9852804830377603,0.9811475151049732,0.002744219611431755
78.81202826499938,2.165297275108518,0.17010903358459473,0.018676768676709463,1000,20,8,0.8,30,False,"{'n_estimators': 1000, 'min_samples_split': 20, 'min_samples_leaf': 8, 'max_features': 0.8, 'max_depth': 30, 'bootstrap': False}",0.787309019784971,0.900566873507002,0.9450642510825511,0.8475474471469794,0.7098656523048061,0.838070648765262,0.08301383360082369,89,0.9611541660684968,0.9581904304403532,0.952125188031838,0.9638665126124031,0.9662919161458388,0.9603256426597859,0.004911765827022973
18.756411218643187,1.3244538425768337,0.1782224178314209,0.0592400466527946,800,5,4,0.4,10,True,"{'n_estimators': 800, 'min_samples_split': 5, 'min_samples_leaf': 4, 'max_features': 0.4, 'max_depth': 10, 'bootstrap': True}",0.8350001955473421,0.8894082198973419,0.9518555542715396,0.8599786075444027,0.7516543983512962,0.8575793951223843,0.06578259600399239,39,0.9541027877947703,0.9468762147526105,0.9430525233409232,0.9595518173969386,0.967466918210141,0.9542100522990766,0.00874718331154149
8.557743072509766,0.37320274014211546,0.1899322509765625,0.049758298161386195,800,5,4,log2,20,True,"{'n_estimators': 800, 'min_samples_split': 5, 'min_samples_leaf': 4, 'max_features': 'log2', 'max_depth': 20, 'bootstrap': True}",0.8492218003685242,0.8639361797246045,0.94664349046061,0.8562447150271575,0.7434447220332139,0.8518981815228222,0.06466806818094147,57,0.9600638668978224,0.9532602208740819,0.9498547120669593,0.9612100059272958,0.9663795776299148,0.9581536766792148,0.005890231658380249
18.20921492576599,0.5481590874394876,0.27723116874694825,0.03795169267068722,1000,2,2,log2,15,False,"{'n_estimators': 1000, 'min_samples_split': 2, 'min_samples_leaf': 2, 'max_features': 'log2', 'max_depth': 15, 'bootstrap': False}",0.8550648956780781,0.8843304659945809,0.9604533475629908,0.8673353192542452,0.7582433256338227,0.8650854708247435,0.06478598534540028,11,0.9899203945387038,0.9875602407584522,0.9879249128498497,0.9936923790019629,0.9957946743037493,0.9909785202905436,0.003246202459876683
11.33438286781311,0.9886707992648661,0.06793799400329589,0.04205315640188282,200,2,2,0.8,15,True,"{'n_estimators': 200, 'min_samples_split': 2, 'min_samples_leaf': 2, 'max_features': 0.8, 'max_depth': 15, 'bootstrap': True}",0.8339952130902846,0.8982722894526016,0.9580243132398893,0.8617297373539395,0.7458872452749408,0.8595817596823313,0.07038980213888074,34,0.9781823038861,0.9765193927256782,0.9741983828544337,0.9816513570989044,0.9847981764980942,0.979069922612642,0.003755041035910808
57.498675441741945,0.6385716694207764,0.29580092430114746,0.08585375197300606,1500,2,1,0.4,10,False,"{'n_estimators': 1500, 'min_samples_split': 2, 'min_samples_leaf': 1, 'max_features': 0.4, 'max_depth': 10, 'bootstrap': False}",0.847146851827759,0.8928606467630221,0.958726651767966,0.8694017871725347,0.7577881172058838,0.8651848109474329,0.06541135766285179,10,0.9737845965790245,0.9702413499645842,0.9689186925844664,0.9811048860041829,0.9872608997835861,0.9762620849831689,0.006938865319647218
37.333713579177854,1.4579721267823904,0.4495996475219727,0.06324918249213556,2000,20,4,sqrt,,False,"{'n_estimators': 2000, 'min_samples_split': 20, 'min_samples_leaf': 4, 'max_features': 'sqrt', 'max_depth': None, 'bootstrap': False}",0.8479918316810379,0.8758245185866165,0.9520246452826716,0.8622264325310368,0.7477417811188518,0.857161841840043,0.06546714570493296,40,0.9675410717771008,0.9622596004298791,0.9594041586946392,0.9689213951203344,0.9735929124791853,0.9663438277002279,0.005009319227605732
6.334410524368286,0.26692757092590574,0.11764121055603027,0.008433695425488726,600,5,4,log2,20,True,"{'n_estimators': 600, 'min_samples_split': 5, 'min_samples_leaf': 4, 'max_features': 'log2', 'max_depth': 20, 'bootstrap': True}",0.8490949337356231,0.8636992719919301,0.9466384021624986,0.8564968445986842,0.7426256589476782,0.8517110222872828,0.06493733916691458,59,0.9601867693031236,0.9532026753696756,0.9499001289653032,0.9611241891953398,0.9663050712996453,0.9581437668266174,0.00586575855777942
15.868873739242554,1.3925556100606793,0.1801311492919922,0.04944464701259296,800,10,4,sqrt,20,False,"{'n_estimators': 800, 'min_samples_split': 10, 'min_samples_leaf': 4, 'max_features': 'sqrt', 'max_depth': 20, 'bootstrap': False}",0.8505588225681161,0.8828322305890484,0.9576030044791624,0.8655034040698959,0.7548327691977285,0.8622660461807902,0.06511766600982963,20,0.980109051194097,0.9768436045701101,0.9756101668005943,0.9814554654676482,0.9845342090437925,0.9797104994152483,0.003209477783965385
2.5595136642456056,0.3339709354803103,0.018016576766967773,0.0019384748395290122,100,20,8,0.4,,True,"{'n_estimators': 100, 'min_samples_split': 20, 'min_samples_leaf': 8, 'max_features': 0.4, 'max_depth': None, 'bootstrap': True}",0.8221028324592714,0.8792491723048329,0.9456690663012202,0.8523316371217837,0.7383305551867971,0.8475366526747811,0.06816376943889454,71,0.9441959921505719,0.936952165615512,0.9310813385089888,0.9450196937919209,0.9544282359686032,0.9423354852071192,0.007906162539704728
40.708293962478635,0.7215893420526207,0.23130598068237304,0.05727823122699886,1000,2,4,0.6,50,True,"{'n_estimators': 1000, 'min_samples_split': 2, 'min_samples_leaf': 4, 'max_features': 0.6, 'max_depth': 50, 'bootstrap': True}",0.831618664721979,0.8957464265595553,0.955025605090522,0.8626942174611878,0.7501836680288342,0.8590537163724156,0.06808168790294679,35,0.9681801038447588,0.9640618854253941,0.9612437287050218,0.9696584096519084,0.9744700992805091,0.9675228453815183,0.004575205137094127
44.96128487586975,1.2079966702052767,0.40407867431640626,0.10620153708357043,1500,5,1,0.4,15,True,"{'n_estimators': 1500, 'min_samples_split': 5, 'min_samples_leaf': 1, 'max_features': 0.4, 'max_depth': 15, 'bootstrap': True}",0.8449046043845115,0.89312603028185,0.9586519998056955,0.868226209831251,0.7574641497665551,0.8644745988139727,0.06563319717222113,13,0.9798102382270798,0.9774012651396412,0.9759079998944791,0.9833810085656455,0.9868769587992423,0.9806754941252176,0.00399940537955122
54.333071613311766,3.323907464458121,0.0956026554107666,0.026709132710778336,600,5,1,1.0,10,False,"{'n_estimators': 600, 'min_samples_split': 5, 'min_samples_leaf': 1, 'max_features': 1.0, 'max_depth': 10, 'bootstrap': False}",0.6942803799453401,0.8599990965478091,0.9243905566675071,0.7938866492938257,0.634436400431835,0.7813986165772635,0.10579996358386266,96,0.9593338869303695,0.9513674141376982,0.9550899669153181,0.9678462420626152,0.9707878699494228,0.9608850759990848,0.00739051453031854
10.971156215667724,0.2653046088090836,0.22902898788452147,0.036221287584640056,1000,10,2,log2,,True,"{'n_estimators': 1000, 'min_samples_split': 10, 'min_samples_leaf': 2, 'max_features': 'log2', 'max_depth': None, 'bootstrap': True}",0.8499246497058066,0.8692137222357429,0.9486646243132911,0.8588525306479258,0.7454835166578342,0.8544278087121201,0.06481962053241604,50,0.9654522922306686,0.9592887647192156,0.9561751024248897,0.9660175905311033,0.9710584345719395,0.9635984368955632,0.005265355034154101
10.627679109573364,0.21903940097915972,0.11469874382019044,0.04533503852961502,400,10,4,0.4,50,True,"{'n_estimators': 400, 'min_samples_split': 10, 'min_samples_leaf': 4, 'max_features': 0.4, 'max_depth': 50, 'bootstrap': True}",0.8363338639567885,0.889157379616706,0.9533087963754688,0.8614761545532268,0.752411240234512,0.8585374869473406,0.06585377103911683,36,0.964193824543289,0.9593032380214387,0.9558628250460346,0.9655991417882077,0.9711193325361943,0.9632156723870328,0.0052626430330334146
25.453220891952515,0.9589611141092198,0.35577392578125,0.0981765919644091,1500,10,4,log2,30,False,"{'n_estimators': 1500, 'min_samples_split': 10, 'min_samples_leaf': 4, 'max_features': 'log2', 'max_depth': 30, 'bootstrap': False}",0.8505556949630423,0.8765804635066464,0.9556840623959805,0.8628136822646044,0.7534107405670741,0.8598089287394697,0.06463520860573894,33,0.9790177497518351,0.9755584393711247,0.974047010962502,0.9797771293105136,0.9830852910140022,0.9782971240819955,0.0032000035898505897
9.884530687332154,0.41802896114022287,0.06277327537536621,0.019334193543233767,200,2,1,0.6,20,True,"{'n_estimators': 200, 'min_samples_split': 2, 'min_samples_leaf': 1, 'max_features': 0.6, 'max_depth': 20, 'bootstrap': True}",0.8402826929171775,0.8970674727889226,0.9591695563694765,0.868783937631574,0.7488502266293653,0.8628307772673031,0.06926576907686519,15,0.9878612698479898,0.9867471691549291,0.9851200422426382,0.9889912175519561,0.9906089276461362,0.9878657252887297,0.0018751989266887115
5.914714908599853,0.3402834554315044,0.044353294372558597,0.009977431088601284,200,10,1,0.4,30,True,"{'n_estimators': 200, 'min_samples_split': 10, 'min_samples_leaf': 1, 'max_features': 0.4, 'max_depth': 30, 'bootstrap': True}",0.8419448560385473,0.8915303297600936,0.9570443701270602,0.8665066993651078,0.7524142022948843,0.8618880915171386,0.06683857605933179,23,0.9746688485262734,0.9710404797197196,0.9683087842980387,0.9757127136615429,0.9797697580896596,0.9739001168590468,0.003943847565439992
20.01576871871948,0.8745277168312175,0.0532383918762207,0.01125996711425466,200,2,8,1.0,50,False,"{'n_estimators': 200, 'min_samples_split': 2, 'min_samples_leaf': 8, 'max_features': 1.0, 'max_depth': 50, 'bootstrap': False}",0.7104927673006161,0.8784450595233331,0.9139994848177851,0.7946680355050337,0.6147470016818304,0.7824704697657197,0.10951870679287257,93,0.944516376398946,0.9417691621008448,0.9268120645934287,0.9490562464657514,0.9493812864782392,0.9423070272074421,0.008256651790644418
50.75584468841553,0.5870665592043846,0.19439940452575682,0.04685827821805304,1000,5,8,0.6,10,False,"{'n_estimators': 1000, 'min_samples_split': 5, 'min_samples_leaf': 8, 'max_features': 0.6, 'max_depth': 10, 'bootstrap': False}",0.8194757281731351,0.8982214597312371,0.95066134048813,0.8597533597360911,0.7345293481452415,0.852528247254767,0.07319342199000832,54,0.9544578450686703,0.9509203986602877,0.9466520911958709,0.9627238226106233,0.968547366345958,0.9566603047762821,0.007950222277947318
30.94419674873352,0.8116248809743868,0.15161676406860353,0.019364074729514524,800,20,8,0.4,15,False,"{'n_estimators': 800, 'min_samples_split': 20, 'min_samples_leaf': 8, 'max_features': 0.4, 'max_depth': 15, 'bootstrap': False}",0.8328920950472347,0.8918287023707554,0.9524105457916847,0.8648358941962437,0.7436612538088976,0.8571256982429633,0.06899912385544302,41,0.9622903825478334,0.9583472488399585,0.9544291961758367,0.9662164106467094,0.9711989960361992,0.9624964468493074,0.0058636393656157524
33.204062128067015,1.2454474839570402,0.5164750099182129,0.10670792796698024,2000,10,4,log2,30,False,"{'n_estimators': 2000, 'min_samples_split': 10, 'min_samples_leaf': 4, 'max_features': 'log2', 'max_depth': 30, 'bootstrap': False}",0.8512052678352909,0.8766798189951249,0.9557181954975682,0.86284862802388,0.7529597356987552,0.8598823292101239,0.06478147922993827,32,0.9790141611995155,0.9755553382299857,0.9740415131964212,0.9797817736452039,0.9830648274125423,0.9782915227367337,0.0031961470051891905
50.73012375831604,0.8936557729344662,0.2892958164215088,0.08660795222904766,1000,2,1,0.4,15,False,"{'n_estimators': 1000, 'min_samples_split': 2, 'min_samples_leaf': 1, 'max_features': 0.4, 'max_depth': 15, 'bootstrap': False}",0.8537163541327778,0.8963197325042778,0.9638537410142005,0.8751658867755333,0.7573781253551912,0.869286767956396,0.06704362710822707,1,0.9925684663112432,0.9940365504163058,0.9940737447097014,0.9983117142669318,0.9993779046392247,0.9956736760686814,0.0026669399404958736
96.2463538646698,2.8961757404465223,0.17167191505432128,0.05188070993855405,1000,2,8,1.0,15,False,"{'n_estimators': 1000, 'min_samples_split': 2, 'min_samples_leaf': 8, 'max_features': 1.0, 'max_depth': 15, 'bootstrap': False}",0.7083495302615594,0.8783358974441283,0.913924673083991,0.7951742710622193,0.6147364083084251,0.7821041560320646,0.10978135768751274,95,0.942238680126773,0.9413315139861689,0.9267015229079474,0.9484345521124976,0.9493339742334025,0.9416080486733579,0.008111347025273167
10.599838638305664,0.46416703000815657,0.193487548828125,0.014664646583004022,1000,2,4,log2,20,True,"{'n_estimators': 1000, 'min_samples_split': 2, 'min_samples_leaf': 4, 'max_features': 'log2', 'max_depth': 20, 'bootstrap': True}",0.8480668802539648,0.8642040865195063,0.9468900220043791,0.8559267859873724,0.7438773781504963,0.8517930305831438,0.0646130517106376,58,0.9600954368885272,0.9533076092882301,0.9499348926636615,0.9612044195534433,0.9664750852117551,0.9582034887211235,0.005888016277410293
1.9610840320587157,0.02829359450324759,0.022286367416381837,0.00250609781688608,100,2,4,sqrt,15,False,"{'n_estimators': 100, 'min_samples_split': 2, 'min_samples_leaf': 4, 'max_features': 'sqrt', 'max_depth': 15, 'bootstrap': False}",0.8472152756388663,0.8830213307482662,0.9591676121949987,0.8672197806904117,0.7601097017263261,0.8633467401997738,0.06403411548146215,14,0.9793349103349748,0.9745213798901953,0.973905080623659,0.9821018381827892,0.986083853792552,0.979189412564834,0.004598943477358967
2.2647040367126463,0.17828477097262263,0.042512702941894534,0.016556812401932047,200,20,4,sqrt,15,True,"{'n_estimators': 200, 'min_samples_split': 20, 'min_samples_leaf': 4, 'max_features': 'sqrt', 'max_depth': 15, 'bootstrap': True}",0.8432860558858959,0.8632525863382626,0.9420144674071348,0.8533415923354348,0.7319231545746168,0.846763571308269,0.06721354865501727,75,0.9463818171237374,0.9371567056219435,0.9320166309653902,0.9477718616778936,0.9547767538141638,0.9436207538406258,0.008071568487184738
7.680595350265503,0.5487486843599482,0.037362861633300784,0.0037579919805605434,200,20,4,0.4,15,False,"{'n_estimators': 200, 'min_samples_split': 20, 'min_samples_leaf': 4, 'max_features': 0.4, 'max_depth': 15, 'bootstrap': False}",0.8418497688095932,0.8946014318174311,0.9550428751558957,0.8685589202575311,0.749610067561991,0.8619326127204884,0.06752829841479308,21,0.9689588720919399,0.9660027712960338,0.9630518570561334,0.9733637607860662,0.9780631172887507,0.9698880757037849,0.00532174006878892
55.92978730201721,3.5111333675572864,0.29111804962158205,0.0161624694221258,1500,5,2,0.6,30,True,"{'n_estimators': 1500, 'min_samples_split': 5, 'min_samples_leaf': 2, 'max_features': 0.6, 'max_depth': 30, 'bootstrap': True}",0.8381055230012197,0.8968157940831095,0.9582959774207143,0.8656968802825449,0.7542750786926803,0.8626378506960537,0.06733838748148466,16,0.9804415226495493,0.9777537016259318,0.9759636871409666,0.9813712506108139,0.9845242551909834,0.980010883443649,0.002962473330022548
30.14357986450195,1.5799119888081,0.1074859619140625,0.008820910649388449,600,2,8,0.6,50,False,"{'n_estimators': 600, 'min_samples_split': 2, 'min_samples_leaf': 8, 'max_features': 0.6, 'max_depth': 50, 'bootstrap': False}",0.8222161473373945,0.900484195446594,0.9526434361927631,0.8606345837642635,0.7364550377468632,0.8544866800975756,0.07315896771488867,49,0.9676334778094063,0.9652444210910515,0.9608537459889505,0.9702305112169152,0.973634164152823,0.9675192640518293,0.0043441903908669425
20.823690843582153,0.47781632780395056,0.31467399597167967,0.028113003495067516,2000,5,8,log2,10,False,"{'n_estimators': 2000, 'min_samples_split': 5, 'min_samples_leaf': 8, 'max_features': 'log2', 'max_depth': 10, 'bootstrap': False}",0.841935830066031,0.8603010516507598,0.9430021294872966,0.8503853962117391,0.7369746669879325,0.8465198148807518,0.06562751645676534,78,0.946071885915948,0.9353619339924565,0.9313368631865431,0.9503403248501356,0.9590024212298641,0.9444226858349895,0.010036363633744367
2.573088216781616,0.15865139347326973,0.022923898696899415,0.0015429145816188371,100,2,2,0.4,,True,"{'n_estimators': 100, 'min_samples_split': 2, 'min_samples_leaf': 2, 'max_features': 0.4, 'max_depth': None, 'bootstrap': True}",0.8438670047366588,0.8946979641022001,0.9582526084651009,0.8669580848408062,0.758966741229437,0.8645484806748407,0.0652234440357229,12,0.9811864888098986,0.978238374959819,0.9762926157392569,0.9815528647054934,0.9849248305445498,0.9804390349518035,0.0029650417459653254
7.230176830291748,0.3806375253179239,0.12975001335144043,0.011778923408142484,600,2,2,sqrt,,True,"{'n_estimators': 600, 'min_samples_split': 2, 'min_samples_leaf': 2, 'max_features': 'sqrt', 'max_depth': None, 'bootstrap': True}",0.8507965353490882,0.8800181807097206,0.9551479678969644,0.8617020120097381,0.7527209910859962,0.8600771374103016,0.06488485179605676,30,0.9789870019283381,0.9755978901698725,0.9738707688538931,0.9797344056944906,0.9829709948575553,0.9782322123008299,0.0032013807809805005
8.695472955703735,0.48528214109237355,0.10227594375610352,0.008364072935118509,400,2,1,sqrt,20,False,"{'n_estimators': 400, 'min_samples_split': 2, 'min_samples_leaf': 1, 'max_features': 'sqrt', 'max_depth': 20, 'bootstrap': False}",0.8544743114804959,0.8888282164734046,0.96377839498448,0.869806661538268,0.7607169161698415,0.8675209001292981,0.0652717951580694,4,0.9991916283782255,0.9990020022066218,0.999128571245333,0.9999489983289042,0.9999936308962795,0.9994529662110729,0.00042784676082329966
2.798333930969238,0.043103589652079735,0.017110490798950197,0.0004241907982369971,100,20,8,0.6,50,True,"{'n_estimators': 100, 'min_samples_split': 20, 'min_samples_leaf': 8, 'max_features': 0.6, 'max_depth': 50, 'bootstrap': True}",0.8172159344637822,0.883584698758788,0.9456625809708928,0.8517452530937715,0.7367140769751599,0.8469845088524789,0.06949149109273972,73,0.944685464390623,0.9392449885769136,0.9326374287304189,0.9471987203569008,0.9549836099079895,0.9437500423925691,0.0075199351782548945
41.72691135406494,2.341084860037014,0.13219475746154785,0.011458271636508257,800,20,1,1.0,15,True,"{'n_estimators': 800, 'min_samples_split': 20, 'min_samples_leaf': 1, 'max_features': 1.0, 'max_depth': 15, 'bootstrap': True}",0.8156642635568223,0.8920933467625861,0.9527258602744425,0.8521860057711753,0.7386284210073674,0.8502595794744787,0.07198814531424036,63,0.959417897641719,0.9573547875174269,0.9521395871164927,0.9633699076434155,0.9692710768019264,0.9603106513441961,0.0057610537966034875
2.76102819442749,0.046334582664306866,0.017055320739746093,0.0006138403728358835,100,5,8,0.4,10,False,"{'n_estimators': 100, 'min_samples_split': 5, 'min_samples_leaf': 8, 'max_features': 0.4, 'max_depth': 10, 'bootstrap': False}",0.8323501334987389,0.8901984147074862,0.9526063829642206,0.8607045728980056,0.7433372959460377,0.8558393600028978,0.06895872656643585,47,0.9547430045063958,0.9485921459201306,0.9445106717281934,0.9610009319360531,0.9689614807762406,0.9555616469734026,0.008723640766780434
3.7920694828033445,0.1486523872356564,0.06917705535888671,0.007586043973855652,400,20,4,sqrt,30,True,"{'n_estimators': 400, 'min_samples_split': 20, 'min_samples_leaf': 4, 'max_features': 'sqrt', 'max_depth': 30, 'bootstrap': True}",0.8430097692471625,0.8628945151886261,0.9411579021760128,0.8518818780992424,0.7341978562225016,0.846628384186709,0.06615396281363922,76,0.9471647088482325,0.9383612083908901,0.9332447902675423,0.9480163952726806,0.9548815458858865,0.9443337297330462,0.007635030890227888
4.5418469429016115,0.21238762458180796,0.024652910232543946,0.0026366094285724933,100,5,1,0.4,,False,"{'n_estimators': 100, 'min_samples_split': 5, 'min_samples_leaf': 1, 'max_features': 0.4, 'max_depth': None, 'bootstrap': False}",0.8489351389125996,0.8944958776759357,0.9625271359778302,0.8737787443192825,0.7524792213838689,0.8664432236539034,0.06836257208926125,7,0.9987780316790101,0.9985120524366211,0.9986145495860033,0.9989871343358143,0.9991128124748834,0.9988009161024664,0.00022389951777491393
121.42445030212403,8.221572780248133,0.38872056007385253,0.03882571428220288,2000,5,2,1.0,,True,"{'n_estimators': 2000, 'min_samples_split': 5, 'min_samples_leaf': 2, 'max_features': 1.0, 'max_depth': None, 'bootstrap': True}",0.8214733327024293,0.8976894482473456,0.9568036763878858,0.8595798679604969,0.7478289403263019,0.8566750531248919,0.07043152297813397,42,0.9809502630765706,0.9783280790883137,0.9762258532701443,0.9812741699071534,0.9846191025211245,0.9802794935726613,0.0028464552255486842
105.51248979568481,6.347082664035701,0.32426934242248534,0.027836028651769956,2000,20,1,1.0,15,True,"{'n_estimators': 2000, 'min_samples_split': 20, 'min_samples_leaf': 1, 'max_features': 1.0, 'max_depth': 15, 'bootstrap': True}",0.8152994053491394,0.8918706624223568,0.9527664718191887,0.8525747452182296,0.7388140488692367,0.8502650667356303,0.07195390901249771,62,0.9594124728849998,0.9575304207322946,0.9522087148360195,0.9634297941251336,0.9692263264319827,0.9603615458020862,0.005716347517638805
22.61132197380066,0.5401807038599182,0.12472243309020996,0.00584757851360366,800,10,8,0.6,30,True,"{'n_estimators': 800, 'min_samples_split': 10, 'min_samples_leaf': 8, 'max_features': 0.6, 'max_depth': 30, 'bootstrap': True}",0.8202179964854434,0.8871524575150875,0.9478113547237568,0.8534421926917367,0.7396351745671383,0.8496518351966327,0.06931950841624539,65,0.9488395521626536,0.9431802041060856,0.937974515277077,0.9511990588122528,0.9582463494007676,0.9478879359517673,0.006922492120540173
16.99073534011841,0.8261196906391395,0.29245767593383787,0.017498435898922547,1500,10,1,sqrt,,True,"{'n_estimators': 1500, 'min_samples_split': 10, 'min_samples_leaf': 1, 'max_features': 'sqrt', 'max_depth': None, 'bootstrap': True}",0.8499697224525379,0.8779415804212842,0.952181872759879,0.8622341231264596,0.7499691970967227,0.8584592991713768,0.06483811308124024,37,0.9713195673118823,0.9662889070767353,0.963847104537261,0.9722405867827258,0.9767955352906583,0.9700983401998526,0.0045721497393252835
89.22397074699401,4.1390521622875465,0.24411506652832032,0.016077308427135825,1500,2,2,0.8,10,False,"{'n_estimators': 1500, 'min_samples_split': 2, 'min_samples_leaf': 2, 'max_features': 0.8, 'max_depth': 10, 'bootstrap': False}",0.808644600601911,0.8930623942094702,0.9521243635462899,0.850092562036873,0.7291544013074873,0.8466156643404062,0.07555186713240192,77,0.9701326683391013,0.965865752586215,0.9685145252444917,0.979694674511563,0.9836349015584755,0.9735685044479693,0.00686356135303569
17.94511160850525,1.0454783409998376,0.1457454204559326,0.00850932840786466,1000,20,4,0.4,10,True,"{'n_estimators': 1000, 'min_samples_split': 20, 'min_samples_leaf': 4, 'max_features': 0.4, 'max_depth': 10, 'bootstrap': True}",0.8321791180746374,0.883279013182781,0.9481720627032642,0.8555738410526803,0.7421864752177096,0.8522781020462146,0.06736721091425457,56,0.9448896004886669,0.9367270758741801,0.9313374129385236,0.9495783060866221,0.9579810142010372,0.944102681917806,0.009386814842780982
8.473213577270508,0.5691251341827808,0.17186121940612792,0.03639111908941512,800,5,4,sqrt,50,True,"{'n_estimators': 800, 'min_samples_split': 5, 'min_samples_leaf': 4, 'max_features': 'sqrt', 'max_depth': 50, 'bootstrap': True}",0.8432217486694046,0.8722925711001892,0.9496957545428524,0.8564527511686918,0.7462545117670256,0.8535834674496326,0.06515014201482108,51,0.962061547759352,0.9557807801122887,0.9528790920696463,0.9629986498594798,0.968401772381701,0.9604243684364937,0.0055034600509449375
23.556957483291626,1.1351553182063001,0.12876734733581544,0.009242420799781602,800,10,8,0.6,20,True,"{'n_estimators': 800, 'min_samples_split': 10, 'min_samples_leaf': 8, 'max_features': 0.6, 'max_depth': 20, 'bootstrap': True}",0.8197927503242509,0.8871961304324509,0.9477834002272068,0.8531343238140026,0.7395985195907865,0.8495010248777396,0.06936092472504796,66,0.9488566043278259,0.9431825274370542,0.9380462753893699,0.9512256472355118,0.9582813988096597,0.9479184906398844,0.0069151600008351645
8.686082029342652,0.23490510207014229,0.14805798530578612,0.031048828984700648,800,10,1,log2,10,False,"{'n_estimators': 800, 'min_samples_split': 10, 'min_samples_leaf': 1, 'max_features': 'log2', 'max_depth': 10, 'bootstrap': False}",0.8506412265951597,0.873375410009004,0.9509146669938158,0.857396809805671,0.7508914755109408,0.8566439177829184,0.06385467122032176,44,0.9619502452396358,0.9534541953604582,0.9506998443440082,0.9669617513534702,0.97494524418111,0.9616022560957365,0.008855891741189777
7.344465684890747,0.540050794775603,0.020251655578613283,0.0018411535840050092,100,2,4,0.8,50,False,"{'n_estimators': 100, 'min_samples_split': 2, 'min_samples_leaf': 4, 'max_features': 0.8, 'max_depth': 50, 'bootstrap': False}",0.8005572159666977,0.9008908342753901,0.9523657427492861,0.8520102278593042,0.7168679107378434,0.8445383863177043,0.08135386810976103,81,0.9863172838813263,0.9843775307433155,0.982377371255974,0.9880113195033877,0.9872681867275352,0.9856703384223078,0.002047771203472249
