src1_port2_qdepth_max,src1_port2_mbps_mean,src1_port2_mbps_std,src1_port3_qdepth_max,src1_port3_mbps_mean,src1_port3_mbps_std,src1_port4_qdepth_max,src1_port4_mbps_mean,src1_port4_mbps_std,src1_port5_qdepth_max,src1_port5_mbps_mean,src1_port5_mbps_std,Total_Load_Mbps,Weight_Port2,Capacity_Port2,Weight_Port3,Capacity_Port3,Weight_Port4,Capacity_Port4,Weight_Port5,Capacity_Port5,Label_Latency_ms,Label_Jitter_ms,Label_Loss_Rate
5,0.492,0.0747,5,0.5096,0.0815,1,0.1071,0.0291,1,0.0942,0.0294,1.2,4,0.8,4,0.8,1,1.2,1,1.2,52.371,22.166046048118265,0.0
2,0.3013,0.049,2,0.3013,0.0511,2,0.3069,0.0596,2,0.2967,0.05,1.2,3,0.8,3,0.8,4,1.2,4,1.2,51.407,15.204637304721514,0.0
64,0.7504,0.1215,64,0.7538,0.1173,1,0.1898,0.0543,1,0.2092,0.0587,2.4,10,0.8,10,0.8,1,1.2,1,1.2,802.855,16.396241961255928,14.338919925512103
3,0.4966,0.0806,3,0.5043,0.0813,4,0.7052,0.108,3,0.6983,0.1069,2.4,6,0.8,6,0.8,8,1.2,8,1.2,57.284,15.934621190645693,0.0
4,0.2488,0.0457,3,0.2547,0.0461,5,0.3531,0.0631,5,0.3538,0.0587,1.2,3,0.8,3,0.8,4,1.2,4,1.2,43.149,15.100744477525742,0.0
39,0.7536,0.1114,40,0.7554,0.1097,2,0.4111,0.0742,2,0.3941,0.0663,2.4,7,0.8,7,0.8,4,1.2,4,1.2,337.698,16.826454403663448,0.0
8,0.5761,0.1234,7,0.5945,0.1138,55,1.1087,0.2072,54,1.1076,0.2072,4.8,1,0.8,1,0.8,1,1.2,1,1.2,2837.039,40.1497017331758,10.777467411545624
2,0.2848,0.0712,2,0.3085,0.0652,64,1.1451,0.1904,64,1.1482,0.1824,4.8,3,0.8,3,0.8,5,1.2,5,1.2,2764.236,44.9723346670096,26.303538175046555
0,0.0,0.0,0,0.0,0.0,5,0.5929,0.0815,6,0.6146,0.0892,1.2,1,0.8,1,0.8,6,1.2,6,1.2,49.165,20.808856154148263,0.0
3,0.2999,0.054,3,0.3025,0.0511,3,0.2872,0.0527,3,0.3163,0.0558,1.2,5,0.8,5,0.8,4,1.2,4,1.2,40.288,17.114254718033656,0.0
1,0.0,0.0,1,0.0,0.0,43,1.1465,0.1843,42,1.1482,0.1827,2.4,2,0.8,2,0.8,8,1.2,8,1.2,54.928,17.8467799561624,0.0
4,0.4019,0.0711,4,0.3982,0.0602,2,0.1998,0.0409,2,0.1994,0.0393,1.2,6,0.8,6,0.8,2,1.2,2,1.2,25.103,18.14278278158577,0.0
3,0.5187,0.0875,2,0.4819,0.0784,3,0.7098,0.1106,3,0.6921,0.103,2.4,2,0.8,2,0.8,3,1.2,3,1.2,65.204,13.601426200938358,0.0
2,0.1596,0.0367,2,0.1418,0.031,4,0.4585,0.0688,4,0.4436,0.0684,1.2,1,0.8,1,0.8,2,1.2,2,1.2,46.772,17.009289451600228,0.0
4,0.4976,0.0725,4,0.5051,0.0714,1,0.0936,0.027,1,0.1064,0.0336,1.2,5,0.8,5,0.8,2,1.2,2,1.2,58.861,21.59239452287571,0.0
4,0.4472,0.066,4,0.4528,0.0718,2,0.1443,0.0412,1,0.1572,0.04,1.2,7,0.8,7,0.8,4,1.2,4,1.2,41.755,20.466899738946555,0.0
64,0.7577,0.1022,64,0.7577,0.0972,3,0.9128,0.1398,3,0.8927,0.1482,3.6,4,0.8,4,0.8,6,1.2,6,1.2,738.562,11.94919601713071,3.1405472636815923
64,0.7551,0.1149,64,0.7549,0.1161,2,0.6003,0.109,3,0.5998,0.1112,3.6,6,0.8,6,0.8,3,1.2,3,1.2,1023.956,13.834339625717307,18.28358208955224
1,0.1627,0.0415,1,0.1478,0.0464,64,1.1478,0.1789,64,1.1472,0.1776,4.8,2,0.8,2,0.8,8,1.2,8,1.2,2218.131,30.631633254353336,24.912689173457508
1,0.0378,0.0216,1,0.0622,0.0236,5,0.5526,0.0902,5,0.5493,0.0749,1.2,1,0.8,1,0.8,7,1.2,7,1.2,51.821,17.663467055312655,0.0
64,0.7572,0.1144,64,0.7577,0.1157,4,0.7786,0.1341,4,0.7999,0.1413,4.8,5,0.8,5,0.8,7,1.2,7,1.2,2008.49,29.735515764827127,18.133147113594042
41,0.7528,0.1195,40,0.7519,0.1173,2,0.3907,0.0689,2,0.4088,0.0847,2.4,4,0.8,4,0.8,2,1.2,2,1.2,342.855,15.676276527445614,0.0
64,0.732,0.1176,64,0.7265,0.1222,64,1.0752,0.1932,64,1.0584,0.1953,4.8,7,0.8,7,0.8,6,1.2,6,1.2,2304.922,30.90056692810399,12.246798603026775
0,0.0,0.0,0,0.0,0.0,48,1.1508,0.1576,49,1.1466,0.1595,2.4,1,0.8,1,0.8,7,1.2,7,1.2,292.181,18.264687658651052,0.0
3,0.7022,0.1058,4,0.6984,0.1047,3,0.5056,0.0893,3,0.4945,0.0819,2.4,4,0.8,4,0.8,2,1.2,2,1.2,64.652,14.2881197338504,0.0
2,0.2921,0.0574,2,0.3087,0.0577,4,0.9084,0.1407,5,0.8912,0.1408,2.4,6,0.8,6,0.8,8,1.2,8,1.2,54.994,15.07080531547677,0.0
1,0.0503,0.0246,1,0.0491,0.0258,5,0.5483,0.0811,5,0.5578,0.0795,1.2,1,0.8,1,0.8,3,1.2,3,1.2,38.713,17.88479974761354,0.0
13,0.5963,0.1419,13,0.5994,0.1381,64,1.1137,0.2043,64,1.1067,0.2131,3.6,2,0.8,2,0.8,5,1.2,5,1.2,650.672,11.552412297282528,0.808457711442786
16,0.7243,0.1097,16,0.7171,0.1191,11,1.0127,0.1705,11,1.0163,0.1629,4.8,6,0.8,6,0.8,5,1.2,5,1.2,2978.307,39.21111508169185,10.195530726256983
3,0.5559,0.0835,4,0.5705,0.0908,17,1.1223,0.1694,16,1.1266,0.1667,3.6,3,0.8,3,0.8,4,1.2,4,1.2,478.119,11.63938056537518,0.0
9,0.6267,0.117,9,0.628,0.1209,64,1.1418,0.1882,64,1.1439,0.1871,4.8,3,0.8,3,0.8,5,1.2,5,1.2,2295.037,29.79404007151507,11.362048894062864
3,0.3527,0.0522,3,0.3508,0.0524,3,0.2465,0.048,3,0.2535,0.0528,1.2,5,0.8,5,0.8,4,1.2,4,1.2,49.17,15.408936850219769,0.0
1,0.1834,0.0428,1,0.2192,0.0488,5,0.992,0.147,6,1.0158,0.1392,2.4,8,0.8,8,0.8,7,1.2,7,1.2,53.408,16.20587720002053,0.0
2,0.3942,0.0724,2,0.4048,0.067,4,0.804,0.1308,4,0.7923,0.1243,2.4,8,0.8,8,0.8,6,1.2,6,1.2,59.855,13.735614472186743,0.0
2,0.2977,0.0685,2,0.3028,0.0679,5,0.9133,0.1477,5,0.887,0.1405,2.4,3,0.8,3,0.8,7,1.2,7,1.2,74.176,15.104201427459808,0.0
64,0.7565,0.1178,64,0.7543,0.1191,2,0.4566,0.0867,2,0.4417,0.0861,3.6,5,0.8,5,0.8,2,1.2,2,1.2,796.752,12.40974555713518,28.73134328358209
2,0.156,0.0351,2,0.1457,0.0347,5,0.4461,0.0725,4,0.4539,0.073,1.2,5,0.8,5,0.8,6,1.2,6,1.2,32.02,18.724080660109472,0.0
2,0.1411,0.0346,1,0.1596,0.0327,3,0.4642,0.0688,3,0.4417,0.0638,1.2,2,0.8,2,0.8,6,1.2,6,1.2,48.1,17.496097539715414,0.0
3,0.2896,0.045,3,0.3152,0.0524,3,0.3036,0.0557,3,0.3025,0.0468,1.2,7,0.8,7,0.8,4,1.2,4,1.2,42.077,17.50691476332451,0.0
2,0.4124,0.0782,2,0.3877,0.0594,4,0.7818,0.1115,4,0.8217,0.1292,2.4,3,0.8,3,0.8,6,1.2,6,1.2,59.2,13.709703324441687,0.0
2,0.1928,0.042,2,0.2094,0.0454,4,0.3996,0.0689,4,0.4037,0.0625,1.2,2,0.8,2,0.8,6,1.2,6,1.2,43.962,15.25530754291921,0.0
64,0.7502,0.1139,64,0.7548,0.1187,4,0.84,0.1404,4,0.8364,0.1293,3.6,5,0.8,5,0.8,4,1.2,4,1.2,1049.649,13.125415405535428,0.3109452736318408
0,0.0,0.0,0,0.0,0.0,6,0.6069,0.0866,6,0.5978,0.0869,1.2,1,0.8,1,0.8,7,1.2,7,1.2,52.096,20.77143442666651,0.0
64,0.7541,0.1117,64,0.7574,0.1122,1,0.3008,0.0629,2,0.3006,0.0545,2.4,5,0.8,5,0.8,3,1.2,3,1.2,647.9,15.749749469232116,4.934823091247672
10,0.7247,0.1172,11,0.7198,0.1124,4,1.0334,0.1705,5,1.0169,0.1662,3.6,8,0.8,8,0.8,8,1.2,8,1.2,460.511,10.636225671281474,0.0
64,0.7508,0.1241,64,0.752,0.125,1,0.1593,0.0416,1,0.1383,0.0405,3.6,5,0.8,5,0.8,1,1.2,1,1.2,944.471,15.097456990192715,38.090796019900495
33,0.7505,0.1313,32,0.7448,0.1391,22,1.0991,0.2062,22,1.1014,0.2055,4.8,3,0.8,3,0.8,4,1.2,4,1.2,2382.483,32.09967472182042,8.961824953445065
39,0.7554,0.1094,39,0.7549,0.1096,2,0.3911,0.0714,2,0.4128,0.0639,2.4,6,0.8,6,0.8,3,1.2,3,1.2,331.085,16.91917590899168,0.0
1,0.1617,0.04,1,0.138,0.0448,64,1.1441,0.1687,64,1.1439,0.1765,3.6,1,0.8,1,0.8,8,1.2,8,1.2,619.987,12.267861168716596,23.849502487562187
3,0.2509,0.0413,2,0.2499,0.0493,3,0.3603,0.057,4,0.3424,0.0585,1.2,3,0.8,3,0.8,7,1.2,7,1.2,44.341,16.904307635587525,0.0
3,0.2467,0.0533,2,0.2537,0.0493,3,0.3694,0.0627,3,0.3342,0.0499,1.2,2,0.8,2,0.8,7,1.2,7,1.2,42.99,15.181879993148446,0.0
64,0.7589,0.1139,64,0.7579,0.1173,2,0.4778,0.108,2,0.4636,0.1185,4.8,7,0.8,7,0.8,6,1.2,6,1.2,2064.226,48.888128384214326,35.614525139664806
4,0.3635,0.0607,3,0.3395,0.0513,3,0.2419,0.0493,3,0.2592,0.0473,1.2,4,0.8,4,0.8,2,1.2,2,1.2,49.506,17.603389167762312,0.0
2,0.1988,0.0412,2,0.2024,0.0385,4,0.406,0.0654,3,0.4,0.0563,1.2,6,0.8,6,0.8,6,1.2,6,1.2,37.68,15.673335890743777,0.0
2,0.3103,0.046,3,0.2919,0.0528,2,0.3007,0.051,2,0.3031,0.0524,1.2,8,0.8,8,0.8,5,1.2,5,1.2,43.947,16.3482841962054,0.0
64,0.7598,0.1032,64,0.7583,0.0953,21,1.0148,0.1562,21,1.0219,0.1424,4.8,1,0.8,1,0.8,1,1.2,1,1.2,2377.751,22.739683115101638,11.638733705772813
3,0.5996,0.1122,3,0.6107,0.1103,64,1.1254,0.1835,63,1.1266,0.1852,4.8,4,0.8,4,0.8,8,1.2,8,1.2,2834.894,32.97094511983202,12.081005586592179
2,0.4255,0.0665,2,0.414,0.0748,64,1.1501,0.1679,64,1.151,0.1623,4.8,3,0.8,3,0.8,5,1.2,5,1.2,2966.206,54.481681813084236,18.71508379888268
2,0.5771,0.1098,3,0.6003,0.1072,34,1.1402,0.1983,35,1.136,0.2113,3.6,4,0.8,4,0.8,2,1.2,2,1.2,150.557,12.670116716073371,0.0
34,0.7602,0.1116,34,0.7601,0.1118,2,0.4148,0.0748,2,0.3904,0.0682,2.4,2,0.8,2,0.8,2,1.2,2,1.2,59.66,17.18322702458024,0.0
3,0.4043,0.0631,3,0.3961,0.0652,2,0.2065,0.0441,2,0.1982,0.0479,1.2,6,0.8,6,0.8,7,1.2,7,1.2,40.133,16.886655352711287,0.0
64,0.7567,0.119,64,0.7531,0.116,2,0.4551,0.0875,2,0.4266,0.0829,3.6,7,0.8,7,0.8,4,1.2,4,1.2,964.163,14.610809460599615,24.4092039800995
40,0.7525,0.1155,40,0.7537,0.1107,2,0.3855,0.0709,2,0.4142,0.0719,2.4,7,0.8,7,0.8,2,1.2,2,1.2,342.916,15.090325034291636,0.0
3,0.3466,0.0596,3,0.3571,0.0529,2,0.2355,0.0412,2,0.2685,0.0551,1.2,6,0.8,6,0.8,5,1.2,5,1.2,43.385,16.209514583852467,0.0
64,0.7537,0.125,64,0.7515,0.1188,2,0.4277,0.0961,2,0.4419,0.0963,4.8,6,0.8,6,0.8,1,1.2,1,1.2,3146.157,54.9451104869448,35.98696461824954
64,0.7537,0.1128,64,0.7557,0.1186,2,0.4778,0.0882,2,0.4226,0.0839,4.8,4,0.8,4,0.8,3,1.2,3,1.2,3030.304,47.495329957636635,35.98696461824954
3,0.598,0.0937,3,0.6012,0.092,3,0.5939,0.0973,3,0.6066,0.0984,2.4,2,0.8,2,0.8,2,1.2,2,1.2,57.64,14.034987949621666,0.0
6,0.5539,0.0881,6,0.5457,0.0891,1,0.052,0.024,1,0.0485,0.021,1.2,6,0.8,6,0.8,2,1.2,2,1.2,41.952,23.214914360648518,0.0
3,0.2996,0.0534,3,0.3004,0.0593,3,0.2899,0.0635,3,0.3098,0.0668,1.2,6,0.8,6,0.8,3,1.2,3,1.2,18.842,16.0638040825958,0.0
3,0.2032,0.0409,2,0.1987,0.0392,4,0.4015,0.0601,3,0.4032,0.0638,1.2,4,0.8,4,0.8,6,1.2,6,1.2,43.408,15.828045160320718,0.0
64,0.7528,0.1183,64,0.7556,0.1173,2,0.4248,0.0881,2,0.4196,0.0973,4.8,8,0.8,8,0.8,8,1.2,8,1.2,2913.945,30.55890208164008,23.044692737430168
10,0.5882,0.1241,9,0.585,0.1235,43,1.1219,0.1966,43,1.1187,0.2017,4.8,2,0.8,2,0.8,4,1.2,4,1.2,2791.029,39.8992827390757,12.593109869646183
64,0.7586,0.1091,64,0.7557,0.1141,2,0.2906,0.0559,2,0.3149,0.0734,4.8,4,0.8,4,0.8,1,1.2,1,1.2,2486.392,52.10251741551502,44.203910614525135
6,0.5506,0.0882,5,0.5496,0.092,1,0.0519,0.0231,1,0.0481,0.0248,1.2,8,0.8,8,0.8,1,1.2,1,1.2,31.186,24.797318300188806,0.0
64,0.7465,0.1233,64,0.7485,0.1269,3,0.6251,0.1304,3,0.6467,0.1559,4.8,4,0.8,4,0.8,2,1.2,2,1.2,2900.84,34.45384405443489,28.18901303538175
64,0.7566,0.1124,64,0.7535,0.1112,1,0.2841,0.0709,1,0.3064,0.0607,3.6,3,0.8,3,0.8,2,1.2,2,1.2,895.576,14.085298851648782,36.03855721393035
4,0.4002,0.0581,4,0.4017,0.0596,2,0.1983,0.0417,2,0.2009,0.0404,1.2,4,0.8,4,0.8,2,1.2,2,1.2,48.895,17.177401947425672,0.0
4,0.3473,0.0573,4,0.3556,0.057,3,0.2504,0.0472,2,0.252,0.0507,1.2,2,0.8,2,0.8,4,1.2,4,1.2,50.371,16.852790398251212,0.0
56,0.7556,0.1222,56,0.7564,0.1175,57,1.1182,0.1841,58,1.1106,0.1888,4.8,2,0.8,2,0.8,6,1.2,6,1.2,1901.45,26.737255484435938,6.075418994413408
3,0.3415,0.0521,3,0.3604,0.0592,3,0.2621,0.0478,2,0.2423,0.0419,1.2,5,0.8,5,0.8,8,1.2,8,1.2,38.146,16.80635124856224,0.0
64,0.7523,0.1196,64,0.7545,0.1203,3,0.7288,0.1587,3,0.755,0.1635,4.8,7,0.8,7,0.8,5,1.2,5,1.2,3175.892,37.4239860791609,18.133147113594042
3,0.4948,0.093,3,0.4878,0.0969,64,1.1489,0.1725,64,1.1503,0.1683,4.8,4,0.8,4,0.8,7,1.2,7,1.2,2055.868,31.588038787563764,19.39464493597206
64,0.7522,0.1186,64,0.7527,0.1181,2,0.3152,0.0753,2,0.2835,0.0594,2.4,6,0.8,6,0.8,3,1.2,3,1.2,702.743,16.13700584057482,6.191806331471136
64,0.752,0.1169,64,0.7561,0.1205,1,0.2005,0.0593,1,0.1989,0.0519,2.4,7,0.8,7,0.8,3,1.2,3,1.2,703.626,15.432473791352452,14.24581005586592
2,0.2006,0.0536,2,0.2028,0.0412,4,0.4137,0.0609,4,0.3947,0.0708,1.2,3,0.8,3,0.8,6,1.2,6,1.2,32.983,16.43296907068831,0.0
64,0.7533,0.1146,64,0.7518,0.117,2,0.2992,0.0662,2,0.3003,0.0763,2.4,5,0.8,5,0.8,1,1.2,1,1.2,715.457,15.65229242267303,6.238361266294227
2,0.3247,0.076,2,0.3025,0.0742,64,1.1435,0.1745,64,1.1467,0.171,4.8,2,0.8,2,0.8,5,1.2,5,1.2,2247.467,37.09122015858759,27.048417132216013
1,0.0971,0.0319,1,0.1032,0.0344,6,1.0979,0.1731,6,1.0981,0.1736,2.4,1,0.8,1,0.8,8,1.2,8,1.2,67.604,16.550831728204123,0.0
64,0.7485,0.1355,64,0.7472,0.1279,2,0.2923,0.0629,2,0.3031,0.071,2.4,3,0.8,3,0.8,1,1.2,1,1.2,686.618,15.381369584655477,6.145251396648044
4,0.4983,0.0694,4,0.5077,0.0753,1,0.1081,0.0317,1,0.0932,0.0311,1.2,8,0.8,8,0.8,1,1.2,1,1.2,58.513,20.35341437532833,0.0
2,0.2021,0.0383,2,0.1987,0.036,4,0.4009,0.0576,4,0.4053,0.0669,1.2,3,0.8,3,0.8,6,1.2,6,1.2,28.567,15.7927732687014,0.0
64,0.752,0.1262,64,0.7504,0.1267,0,0.0,0.0,0,0.0,0.0,2.4,7,0.8,7,0.8,1,1.2,1,1.2,825.531,18.04145398475637,31.00558659217877
2,0.3315,0.0884,2,0.3014,0.0914,64,1.1476,0.1689,64,1.1462,0.1727,4.8,1,0.8,1,0.8,7,1.2,7,1.2,2803.156,33.8722301880979,26.722532588454378
64,0.7498,0.1226,64,0.7518,0.1218,5,0.6778,0.1371,5,0.6421,0.1215,3.6,4,0.8,4,0.8,4,1.2,4,1.2,1676.155,14.127097349953774,5.130597014925374
2,0.3215,0.0723,2,0.3032,0.0585,64,1.1548,0.1493,64,1.1532,0.1559,4.8,4,0.8,4,0.8,7,1.2,7,1.2,2368.938,38.931618931460584,26.513035381750466
64,0.7533,0.1145,64,0.7558,0.1173,3,0.5677,0.1101,3,0.6097,0.1177,4.8,8,0.8,8,0.8,2,1.2,2,1.2,3190.793,42.4815922337698,27.77001862197393
64,0.7558,0.1187,64,0.756,0.1203,1,0.1818,0.0469,1,0.2175,0.0515,2.4,2,0.8,2,0.8,2,1.2,2,1.2,41.525,16.20328700369917,13.966480446927374
4,0.3555,0.0543,3,0.3461,0.0577,3,0.2579,0.0457,2,0.2451,0.0458,1.2,3,0.8,3,0.8,4,1.2,4,1.2,48.712,18.08713914066591,0.0
3,0.2928,0.0439,3,0.3114,0.0558,3,0.3018,0.046,3,0.3052,0.0482,1.2,4,0.8,4,0.8,5,1.2,5,1.2,25.849,15.1163460243745,0.0
64,0.7564,0.1131,64,0.7548,0.1105,4,0.5841,0.0999,3,0.5919,0.1077,3.6,5,0.8,5,0.8,2,1.2,2,1.2,911.514,14.59778158929722,19.620646766169152
2,0.1785,0.0571,1,0.1866,0.0667,64,1.1488,0.1699,64,1.148,0.1719,4.8,1,0.8,1,0.8,6,1.2,6,1.2,1719.408,24.07690872352362,37.64842840512224
2,0.1984,0.0389,2,0.2049,0.0424,4,0.4058,0.0649,4,0.3969,0.0683,1.2,8,0.8,8,0.8,6,1.2,6,1.2,44.018,16.353279261798843,0.0
64,0.7524,0.1287,64,0.7544,0.1253,7,0.8935,0.1706,6,0.8969,0.1732,3.6,7,0.8,7,0.8,6,1.2,6,1.2,192.607,13.902040398393279,2.36318407960199
6,0.5587,0.0884,5,0.542,0.0778,1,0.0411,0.0235,1,0.0601,0.0236,1.2,4,0.8,4,0.8,1,1.2,1,1.2,62.934,25.70056733622739,0.0
64,0.7557,0.1212,64,0.757,0.1216,2,0.4467,0.0793,3,0.45,0.0795,4.8,2,0.8,2,0.8,2,1.2,2,1.2,2598.455,26.9372456115361,24.79627473806752
4,0.5005,0.0714,4,0.5001,0.0707,1,0.0936,0.0317,1,0.1072,0.0327,1.2,5,0.8,5,0.8,2,1.2,2,1.2,43.027,19.232290999122814,0.0
27,0.7126,0.1232,26,0.7169,0.1195,29,1.0057,0.1871,29,1.0082,0.1835,4.8,1,0.8,1,0.8,4,1.2,4,1.2,3017.543,47.41939489023264,12.40977881257276
11,0.6052,0.1191,11,0.6392,0.1162,64,1.1414,0.1837,64,1.1431,0.1772,4.8,2,0.8,2,0.8,2,1.2,2,1.2,2586.303,26.23795782895443,10.63780260707635
3,0.2833,0.0448,3,0.3213,0.0559,3,0.3013,0.0508,3,0.3015,0.0508,1.2,8,0.8,8,0.8,8,1.2,8,1.2,46.643,15.324006963595778,0.0
3,0.3012,0.0469,3,0.3015,0.0534,2,0.3109,0.0536,3,0.2909,0.0519,1.2,3,0.8,3,0.8,4,1.2,4,1.2,42.119,15.253754570615326,0.0
64,0.7511,0.1168,64,0.7563,0.1155,3,0.8944,0.1394,3,0.9055,0.1468,3.6,3,0.8,3,0.8,5,1.2,5,1.2,684.27,11.830259072115767,3.296019900497513
1,0.1812,0.0416,1,0.2186,0.0431,5,0.9966,0.1444,5,1.0045,0.1488,2.4,2,0.8,2,0.8,5,1.2,5,1.2,73.319,15.3798737597219,0.0
26,0.7455,0.1193,26,0.7466,0.1172,30,1.0488,0.1672,30,1.0466,0.1761,4.8,4,0.8,4,0.8,8,1.2,8,1.2,2420.629,27.607870648382548,6.3081936685288635
3,0.5703,0.1007,4,0.5597,0.0892,25,1.1311,0.1735,25,1.1279,0.1768,3.6,2,0.8,2,0.8,7,1.2,7,1.2,503.758,12.721999773805315,0.0
64,0.7568,0.1152,64,0.752,0.1185,1,0.2006,0.0623,2,0.2008,0.0573,2.4,7,0.8,7,0.8,2,1.2,2,1.2,711.615,16.700167917576373,12.383612662942271
10,0.7362,0.1259,10,0.7359,0.1287,8,1.0309,0.1865,8,1.0468,0.1821,3.6,2,0.8,2,0.8,2,1.2,2,1.2,174.061,12.980334023331638,0.0
2,0.4433,0.0799,2,0.445,0.0787,64,1.1437,0.1642,64,1.1489,0.165,3.6,1,0.8,1,0.8,8,1.2,8,1.2,611.814,12.714220549303816,6.498756218905473
3,0.5085,0.0852,3,0.4881,0.0794,4,0.7034,0.1186,3,0.6887,0.1217,2.4,8,0.8,8,0.8,4,1.2,4,1.2,65.136,15.691136312476182,0.0
2,0.2559,0.0441,2,0.2467,0.049,3,0.3599,0.0585,3,0.3449,0.0544,1.2,5,0.8,5,0.8,4,1.2,4,1.2,47.688,16.464517091663044,0.0
64,0.7529,0.1121,64,0.7533,0.1156,2,0.4442,0.0919,3,0.4525,0.0857,3.6,2,0.8,2,0.8,1,1.2,1,1.2,995.501,12.042225161203962,28.544776119402986
4,0.4073,0.0667,4,0.3951,0.0587,2,0.1987,0.0431,2,0.2027,0.0405,1.2,7,0.8,7,0.8,3,1.2,3,1.2,46.3,19.234060759910573,0.0
1,0.1454,0.0602,2,0.1544,0.0481,64,1.1409,0.186,64,1.1403,0.1925,3.6,1,0.8,1,0.8,3,1.2,3,1.2,866.164,12.495506887724654,21.42412935323383
64,0.7508,0.1199,64,0.7553,0.1208,2,0.4519,0.1036,2,0.5103,0.1067,4.8,5,0.8,5,0.8,2,1.2,2,1.2,2713.373,39.9009955896613,36.75512104283054
2,0.1553,0.0427,2,0.1448,0.0471,5,0.452,0.0601,4,0.4528,0.0732,1.2,2,0.8,2,0.8,7,1.2,7,1.2,48.362,15.57654888648633,0.0
2,0.186,0.0462,2,0.2161,0.0451,4,0.396,0.0661,4,0.4091,0.0661,1.2,2,0.8,2,0.8,4,1.2,4,1.2,47.915,15.546824127592616,0.0
64,0.7504,0.1206,64,0.7519,0.1169,17,0.8715,0.1703,17,0.8769,0.1751,3.6,8,0.8,8,0.8,5,1.2,5,1.2,1004.635,14.329122069983852,3.513681592039801
3,0.3593,0.0582,4,0.3406,0.0563,2,0.2465,0.044,3,0.2561,0.0484,1.2,7,0.8,7,0.8,6,1.2,6,1.2,36.385,16.80792466061064,0.0
3,0.5038,0.0806,2,0.4957,0.0832,3,0.7006,0.1119,3,0.698,0.113,2.4,2,0.8,2,0.8,2,1.2,2,1.2,56.552,13.5025501220907,0.0
64,0.7583,0.1149,64,0.7549,0.1191,1,0.1429,0.0478,1,0.1751,0.0474,4.8,6,0.8,6,0.8,1,1.2,1,1.2,2022.35,51.4021454951752,52.81657355679702
30,0.6329,0.1575,30,0.6451,0.1494,64,1.1233,0.1973,64,1.12,0.198,4.8,4,0.8,4,0.8,7,1.2,7,1.2,1818.767,31.60772973038966,12.45344506517691
3,0.4966,0.0773,3,0.5034,0.0804,3,0.6946,0.1092,3,0.7083,0.1123,2.4,3,0.8,3,0.8,6,1.2,6,1.2,57.583,12.486226252842417,0.0
3,0.3033,0.0499,3,0.2986,0.0514,3,0.2892,0.0593,3,0.3136,0.0504,1.2,7,0.8,7,0.8,5,1.2,5,1.2,46.091,16.002915204355578,0.0
2,0.2953,0.0568,2,0.3055,0.0689,64,1.1407,0.1826,64,1.1437,0.1804,3.6,1,0.8,1,0.8,7,1.2,7,1.2,629.593,11.775474909245078,14.17910447761194
64,0.7515,0.1171,64,0.7541,0.1217,3,0.8225,0.165,3,0.8391,0.1548,4.8,8,0.8,8,0.8,5,1.2,5,1.2,3305.848,59.41657768089881,17.667597765363126
3,0.6988,0.1054,4,0.6988,0.1101,3,0.4917,0.0814,3,0.5079,0.0846,2.4,7,0.8,7,0.8,8,1.2,8,1.2,68.313,16.289564153633922,0.0
40,0.75,0.1156,39,0.7538,0.1132,2,0.3849,0.0668,2,0.4153,0.0766,2.4,4,0.8,4,0.8,6,1.2,6,1.2,337.04,17.81947152606064,0.0
64,0.7528,0.1165,64,0.7543,0.1175,2,0.7394,0.1269,3,0.7626,0.1351,3.6,3,0.8,3,0.8,4,1.2,4,1.2,879.161,11.532156872900872,10.696517412935323
5,0.4364,0.0903,5,0.4331,0.1009,64,1.1527,0.1647,64,1.1519,0.1659,3.6,3,0.8,3,0.8,7,1.2,7,1.2,369.403,17.6502771881275,5.503731343283582
64,0.7535,0.1161,64,0.7526,0.1138,1,0.1408,0.0369,1,0.1564,0.0432,3.6,6,0.8,6,0.8,1,1.2,1,1.2,944.752,17.476041455728772,40.01865671641791
2,0.2856,0.0526,2,0.3052,0.0537,64,1.1482,0.1631,64,1.1499,0.1474,3.6,2,0.8,2,0.8,7,1.2,7,1.2,838.483,13.472491189220122,12.686567164179104
64,0.7492,0.1211,64,0.7518,0.1265,1,0.186,0.0426,1,0.2115,0.0522,2.4,7,0.8,7,0.8,2,1.2,2,1.2,785.207,17.457895019623958,14.338919925512103
2,0.2617,0.0658,2,0.2893,0.0682,64,1.1395,0.1889,64,1.1379,0.1898,4.8,2,0.8,2,0.8,8,1.2,8,1.2,3208.381,38.67234189282946,15.782122905027931
3,0.4933,0.0856,3,0.5044,0.0823,4,0.7027,0.1193,3,0.6916,0.1196,2.4,1,0.8,1,0.8,4,1.2,4,1.2,58.383,14.40270335265638,0.0
19,0.5865,0.1294,18,0.6095,0.1232,64,1.1421,0.1727,64,1.1397,0.1759,4.8,3,0.8,3,0.8,5,1.2,5,1.2,2382.521,36.04310063283172,11.522346368715084
2,0.1494,0.0316,2,0.1534,0.0355,5,0.4468,0.0727,4,0.4574,0.0672,1.2,3,0.8,3,0.8,7,1.2,7,1.2,35.145,15.762524724282486,0.0
3,0.5126,0.0877,3,0.4872,0.0825,3,0.692,0.1025,4,0.711,0.1076,2.4,2,0.8,2,0.8,6,1.2,6,1.2,58.897,12.756876167760124,0.0
1,0.0979,0.0282,1,0.1026,0.0277,4,0.5053,0.0758,4,0.5008,0.0746,1.2,1,0.8,1,0.8,7,1.2,7,1.2,38.314,16.94701474747655,0.0
1,0.0995,0.03,1,0.1006,0.0264,5,1.102,0.1702,6,1.0994,0.1669,2.4,1,0.8,1,0.8,8,1.2,8,1.2,63.629,15.664401587183553,0.0
64,0.7532,0.1203,64,0.755,0.1204,2,0.2874,0.0787,2,0.31,0.0762,3.6,4,0.8,4,0.8,1,1.2,1,1.2,930.281,12.91982455761405,32.991293532338304
64,0.7526,0.1177,64,0.7552,0.1156,2,0.3077,0.0563,2,0.294,0.0618,2.4,8,0.8,8,0.8,1,1.2,1,1.2,695.367,14.8512604779347,4.8417132216014895
3,0.3039,0.0496,3,0.2969,0.0453,3,0.3004,0.0532,3,0.3001,0.0577,1.2,5,0.8,5,0.8,4,1.2,4,1.2,59.035,16.406041455053,0.0
64,0.7455,0.1211,64,0.7491,0.12,6,0.7029,0.1348,6,0.7098,0.1311,3.6,6,0.8,6,0.8,4,1.2,4,1.2,1343.37,19.6801920726137,7.835820895522389
1,0.1005,0.0318,1,0.0991,0.0284,6,1.1092,0.1646,6,1.0926,0.1612,2.4,2,0.8,2,0.8,5,1.2,5,1.2,60.698,16.414943187710865,0.0
64,0.7553,0.1124,64,0.7562,0.1147,1,0.2096,0.0392,1,0.1911,0.0476,2.4,6,0.8,6,0.8,3,1.2,3,1.2,671.149,17.56992137233125,14.292364990689013
3,0.5964,0.088,3,0.5919,0.0954,40,1.1534,0.1531,40,1.1531,0.1589,3.6,7,0.8,7,0.8,7,1.2,7,1.2,92.337,11.215305100984729,0.0
2,0.4028,0.0655,2,0.4009,0.0676,4,0.7911,0.1157,4,0.8156,0.1157,2.4,5,0.8,5,0.8,7,1.2,7,1.2,61.33,13.009736830415187,0.0
2,0.2922,0.0634,2,0.2907,0.0615,64,1.1466,0.1788,64,1.1463,0.178,3.6,2,0.8,2,0.8,4,1.2,4,1.2,317.555,14.812312959491322,11.940298507462686
4,0.3562,0.0554,3,0.3457,0.0594,3,0.2633,0.0479,2,0.24,0.0458,1.2,2,0.8,2,0.8,5,1.2,5,1.2,42.25,15.2381338768221,0.0
64,0.7539,0.1157,64,0.7535,0.1137,3,0.7275,0.132,3,0.7204,0.1233,3.6,4,0.8,4,0.8,5,1.2,5,1.2,1239.622,13.05783142943822,8.955223880597014
64,0.7526,0.1196,64,0.7547,0.116,1,0.3092,0.0683,2,0.2817,0.0566,3.6,8,0.8,8,0.8,3,1.2,3,1.2,1032.354,15.094414190049434,36.504975124378106
4,0.6948,0.1069,4,0.7051,0.1026,2,0.4948,0.0882,3,0.5046,0.0765,2.4,8,0.8,8,0.8,7,1.2,7,1.2,66.569,15.563716368682043,0.0
5,0.4481,0.0649,4,0.4524,0.0756,2,0.139,0.0335,2,0.1611,0.0427,1.2,8,0.8,8,0.8,6,1.2,6,1.2,39.295,19.283050134516643,0.0
38,0.7489,0.1303,38,0.7481,0.1239,2,0.3827,0.079,2,0.4129,0.0885,2.4,7,0.8,7,0.8,4,1.2,4,1.2,322.913,17.402973926427617,0.0
2,0.2947,0.0538,2,0.3031,0.0702,5,0.8962,0.1354,5,0.9,0.1507,2.4,1,0.8,1,0.8,3,1.2,3,1.2,63.239,13.793970924998504,0.0
3,0.2993,0.0469,3,0.3026,0.0549,3,0.2997,0.0538,3,0.3045,0.0599,1.2,8,0.8,8,0.8,6,1.2,6,1.2,57.218,16.08330990437066,0.0
64,0.756,0.1149,64,0.7565,0.1157,11,0.8162,0.1769,11,0.8179,0.1823,4.8,7,0.8,7,0.8,4,1.2,4,1.2,2720.565,23.53959491858933,17.71415270018622
64,0.7562,0.1218,64,0.7553,0.1232,4,0.8858,0.175,3,0.8934,0.163,4.8,6,0.8,6,0.8,6,1.2,6,1.2,2907.519,39.25986669533605,15.389988358556462
32,0.7378,0.1365,32,0.7478,0.1223,15,1.0841,0.1911,15,1.0802,0.2013,4.8,3,0.8,3,0.8,5,1.2,5,1.2,2491.396,28.551474493300418,7.169459962756052
4,0.3939,0.0572,4,0.4077,0.063,2,0.2064,0.0437,2,0.1941,0.0422,1.2,8,0.8,8,0.8,3,1.2,3,1.2,46.695,17.787153263601933,0.0
64,0.7535,0.1186,64,0.7532,0.1183,2,0.6239,0.1247,2,0.6311,0.1391,4.8,5,0.8,5,0.8,5,1.2,5,1.2,3021.589,33.15299666999394,28.07262569832402
3,0.4025,0.0596,3,0.4009,0.0646,2,0.2098,0.0409,2,0.1932,0.0413,1.2,3,0.8,3,0.8,2,1.2,2,1.2,56.527,17.773691801369477,0.0
8,0.5532,0.1059,8,0.5539,0.0929,1,0.0503,0.0215,1,0.0496,0.0218,1.2,4,0.8,4,0.8,1,1.2,1,1.2,61.285,25.393517128577734,0.0
2,0.1918,0.0495,1,0.2099,0.0468,5,0.9983,0.1412,4,1.0072,0.1386,2.4,2,0.8,2,0.8,4,1.2,4,1.2,48.34,14.604753147027353,0.0
40,0.7497,0.1218,39,0.7533,0.1169,2,0.4264,0.0878,3,0.3736,0.0709,2.4,6,0.8,6,0.8,2,1.2,2,1.2,348.33,15.940089025081889,0.0
3,0.6174,0.0913,3,0.5844,0.0799,3,0.6107,0.0939,2,0.5923,0.0838,2.4,3,0.8,3,0.8,3,1.2,3,1.2,58.636,15.869695764952688,0.0
2,0.1977,0.0561,2,0.2043,0.0467,6,0.9792,0.1514,5,1.0171,0.1632,2.4,1,0.8,1,0.8,5,1.2,5,1.2,52.746,15.783024736601071,0.0
3,0.4916,0.0694,3,0.5086,0.0882,4,0.6911,0.1156,4,0.7074,0.1115,2.4,4,0.8,4,0.8,7,1.2,7,1.2,58.997,16.01576130327154,0.0
3,0.6961,0.1235,4,0.6924,0.1166,3,0.4944,0.1018,3,0.4977,0.0925,2.4,5,0.8,5,0.8,5,1.2,5,1.2,60.23,14.5790111187423,0.0
1,0.0968,0.0271,1,0.1043,0.0269,5,1.1038,0.1746,6,1.0921,0.1753,2.4,1,0.8,1,0.8,5,1.2,5,1.2,60.139,15.629663291632856,0.0
2,0.4026,0.0692,2,0.3947,0.0687,4,0.8121,0.1327,4,0.7839,0.1274,2.4,2,0.8,2,0.8,5,1.2,5,1.2,52.316,13.21531078659347,0.0
4,0.3943,0.0624,3,0.4061,0.0625,2,0.2259,0.0466,2,0.1778,0.039,1.2,5,0.8,5,0.8,6,1.2,6,1.2,48.946,16.770792257373923,0.0
3,0.5955,0.1033,3,0.5976,0.1029,39,1.1444,0.1796,39,1.1449,0.1813,3.6,2,0.8,2,0.8,3,1.2,3,1.2,117.393,11.619490810516059,0.0
64,0.7521,0.1172,64,0.7489,0.1209,1,0.0956,0.0351,1,0.1053,0.034,2.4,6,0.8,6,0.8,1,1.2,1,1.2,847.001,16.972792840245077,22.71880819366853
5,0.5095,0.0835,5,0.4902,0.0793,1,0.1025,0.0349,1,0.0968,0.033,1.2,5,0.8,5,0.8,4,1.2,4,1.2,35.077,22.72616676711839,0.0
64,0.7544,0.1159,64,0.7542,0.1133,3,0.2944,0.058,2,0.3092,0.0606,2.4,7,0.8,7,0.8,8,1.2,8,1.2,730.978,16.07425124717084,4.981378026070764
64,0.7518,0.1331,64,0.7465,0.1348,1,0.1025,0.0408,1,0.0966,0.0401,2.4,7,0.8,7,0.8,4,1.2,4,1.2,842.938,17.23234902562678,22.71880819366853
3,0.2603,0.0469,2,0.2427,0.0387,4,0.3463,0.0517,3,0.3588,0.0559,1.2,6,0.8,6,0.8,8,1.2,8,1.2,33.015,16.06957598181954,0.0
10,0.7412,0.1246,10,0.7462,0.1191,8,1.0516,0.1897,8,1.0538,0.1804,3.6,5,0.8,5,0.8,7,1.2,7,1.2,165.304,12.132974729830257,0.0
64,0.7559,0.1162,64,0.7547,0.1186,3,0.5828,0.1188,3,0.5997,0.1082,4.8,7,0.8,7,0.8,2,1.2,2,1.2,1295.552,31.114559491683416,21.671322160148975
2,0.2876,0.0694,2,0.3023,0.0583,64,1.1448,0.1744,64,1.1445,0.1747,3.6,3,0.8,3,0.8,8,1.2,8,1.2,734.683,13.808324256368708,12.904228855721392
64,0.7535,0.1229,64,0.7541,0.124,2,0.3065,0.0797,2,0.3005,0.0738,4.8,8,0.8,8,0.8,2,1.2,2,1.2,2547.071,47.53779195195116,44.250465549348235
3,0.2488,0.0452,2,0.2513,0.0469,3,0.3518,0.0578,3,0.3503,0.0578,1.2,5,0.8,5,0.8,6,1.2,6,1.2,45.585,16.498906491171656,0.0
5,0.458,0.0716,5,0.4504,0.0653,2,0.1497,0.0351,1,0.1512,0.035,1.2,7,0.8,7,0.8,2,1.2,2,1.2,53.954,18.24829891421694,0.0
2,0.2994,0.0717,2,0.29,0.0728,64,1.1529,0.1614,64,1.1509,0.1713,3.6,1,0.8,1,0.8,5,1.2,5,1.2,259.492,16.226232461938142,14.116915422885572
2,0.1537,0.0337,2,0.148,0.0367,4,0.4503,0.0659,4,0.4542,0.0716,1.2,1,0.8,1,0.8,1,1.2,1,1.2,37.062,17.544243630653465,0.0
3,0.3043,0.0546,3,0.2994,0.0516,3,0.3104,0.0481,3,0.2943,0.0478,1.2,1,0.8,1,0.8,2,1.2,2,1.2,37.785,16.01331035050131,0.0
1,0.1441,0.0398,1,0.1464,0.0414,64,1.1501,0.1676,64,1.1498,0.1659,3.6,1,0.8,1,0.8,2,1.2,2,1.2,271.532,18.86932531905069,21.641791044776117
64,0.7529,0.1164,64,0.7576,0.1131,3,0.574,0.0982,2,0.5487,0.1091,3.6,7,0.8,7,0.8,3,1.2,3,1.2,1190.232,15.518098952344783,14.832089552238806
64,0.7511,0.1169,64,0.7572,0.1132,2,0.3149,0.0695,2,0.2853,0.0626,2.4,5,0.8,5,0.8,3,1.2,3,1.2,711.428,17.171958791912257,6.098696461824953
64,0.7525,0.121,64,0.7513,0.1251,2,0.3051,0.0623,2,0.2934,0.0627,2.4,8,0.8,8,0.8,1,1.2,1,1.2,688.397,15.883273986410572,6.145251396648044
5,0.5839,0.1181,4,0.5836,0.1056,46,1.1374,0.1868,46,1.1341,0.1919,3.6,8,0.8,8,0.8,6,1.2,6,1.2,167.76,12.614082140173025,0.0
64,0.7516,0.1204,64,0.7526,0.1196,10,0.7781,0.1872,10,0.744,0.1709,4.8,4,0.8,4,0.8,3,1.2,3,1.2,3004.327,33.19313660205413,18.183934807916184
64,0.7537,0.1189,64,0.7541,0.1204,1,0.1591,0.0438,1,0.1624,0.0468,4.8,6,0.8,6,0.8,1,1.2,1,1.2,8.266,50.293867778844,52.560521415270024
3,0.4065,0.0611,3,0.3971,0.0601,2,0.2105,0.045,2,0.1903,0.0457,1.2,6,0.8,6,0.8,5,1.2,5,1.2,40.388,16.439983285033954,0.0
64,0.7512,0.1174,64,0.7546,0.1238,15,0.7902,0.1845,15,0.8066,0.1799,4.8,6,0.8,6,0.8,8,1.2,8,1.2,2206.392,28.241095640775022,18.01675977653631
1,0.1455,0.0472,1,0.1501,0.0449,64,1.1445,0.1852,64,1.1416,0.1879,4.8,1,0.8,1,0.8,8,1.2,8,1.2,2449.648,52.412856665446085,34.40409683426443
4,0.3593,0.0549,3,0.3455,0.0569,3,0.2561,0.0511,3,0.2483,0.04,1.2,4,0.8,4,0.8,4,1.2,4,1.2,46.516,16.88730273875655,0.0
1,0.2877,0.0592,2,0.31,0.0855,64,1.1441,0.1695,64,1.1499,0.166,3.6,2,0.8,2,0.8,7,1.2,7,1.2,604.388,11.965262579969792,15.267412935323382
64,0.7517,0.1256,64,0.7529,0.1194,3,0.5623,0.1045,2,0.5709,0.1102,4.8,8,0.8,8,0.8,5,1.2,5,1.2,3549.766,50.151556579803,28.887337057728118
64,0.7557,0.1192,64,0.7547,0.1136,2,0.4305,0.0909,2,0.4634,0.0929,4.8,6,0.8,6,0.8,8,1.2,8,1.2,2951.526,43.64803986585383,35.70763500931099
64,0.7497,0.12,64,0.7547,0.1134,27,0.9106,0.1923,27,0.9143,0.1862,4.8,8,0.8,8,0.8,6,1.2,6,1.2,3006.873,35.1201993660832,14.920856610800746
41,0.7493,0.1208,40,0.7526,0.1179,2,0.3915,0.0733,2,0.406,0.0794,2.4,8,0.8,8,0.8,2,1.2,2,1.2,336.327,18.078305180041756,0.0
2,0.3029,0.0684,2,0.2971,0.0605,4,0.8829,0.1356,4,0.919,0.1364,2.4,3,0.8,3,0.8,6,1.2,6,1.2,63.192,12.650543250398341,0.0
3,0.4,0.0636,2,0.4028,0.0662,4,0.8125,0.12,4,0.7881,0.1224,2.4,2,0.8,2,0.8,4,1.2,4,1.2,68.759,15.564422793092557,0.0
1,0.0933,0.0305,1,0.1073,0.0279,4,0.506,0.0801,5,0.4963,0.0762,1.2,3,0.8,3,0.8,8,1.2,8,1.2,43.136,16.06500212393586,0.0
3,0.2948,0.0466,3,0.3065,0.0484,3,0.2942,0.054,3,0.3067,0.0539,1.2,6,0.8,6,0.8,8,1.2,8,1.2,43.572,15.621020724225783,0.0
64,0.7528,0.1239,64,0.7527,0.1253,1,0.1533,0.0387,1,0.1449,0.0434,3.6,5,0.8,5,0.8,1,1.2,1,1.2,875.318,13.633412185346872,45.242537313432834
2,0.498,0.0831,3,0.5052,0.079,3,0.6916,0.1063,3,0.7108,0.1112,2.4,7,0.8,7,0.8,4,1.2,4,1.2,66.335,14.204042195379738,0.0
64,0.7568,0.1127,64,0.7566,0.1119,2,0.3156,0.0607,2,0.2866,0.0652,2.4,5,0.8,5,0.8,1,1.2,1,1.2,626.126,18.089839742246465,4.934823091247672
5,0.5016,0.0728,4,0.4998,0.0762,1,0.0986,0.0298,1,0.1035,0.0278,1.2,8,0.8,8,0.8,1,1.2,1,1.2,52.901,21.216659724754184,0.0
4,0.6021,0.0946,3,0.5951,0.0926,3,0.5844,0.0937,3,0.6143,0.1022,2.4,1,0.8,1,0.8,2,1.2,2,1.2,69.882,14.540336001712312,0.0
64,0.7543,0.1139,64,0.7566,0.1168,1,0.1007,0.0388,1,0.0984,0.0336,2.4,7,0.8,7,0.8,2,1.2,2,1.2,765.199,16.807321266088113,22.48603351955307
1,0.1006,0.0345,1,0.0999,0.0371,6,1.1006,0.1613,6,1.0982,0.1599,2.4,1,0.8,1,0.8,4,1.2,4,1.2,54.509,16.760799233782237,0.0
64,0.7549,0.1229,64,0.754,0.1237,6,0.953,0.169,5,0.9313,0.164,4.8,1,0.8,1,0.8,3,1.2,3,1.2,2098.682,31.50097797866864,14.548417132216015
4,0.6976,0.1006,4,0.7028,0.1067,3,0.5096,0.0839,3,0.4922,0.0783,2.4,7,0.8,7,0.8,8,1.2,8,1.2,68.236,12.946590547775484,0.0
64,0.7542,0.1209,64,0.7545,0.1169,2,0.4481,0.0877,2,0.4627,0.1005,4.8,4,0.8,4,0.8,1,1.2,1,1.2,3320.934,43.498811691490964,36.382681564245814
3,0.3462,0.0536,3,0.3547,0.0578,2,0.2573,0.0463,2,0.2456,0.0543,1.2,7,0.8,7,0.8,6,1.2,6,1.2,38.653,16.736369528202246,0.0
2,0.2989,0.0468,2,0.3031,0.0523,2,0.2991,0.0544,2,0.3032,0.0534,1.2,6,0.8,6,0.8,7,1.2,7,1.2,38.192,17.00998617825442,0.0
64,0.7544,0.1157,64,0.7553,0.1207,3,0.6986,0.1192,3,0.7072,0.1145,4.8,2,0.8,2,0.8,1,1.2,1,1.2,2615.077,55.56773981763683,22.97486033519553
2,0.0007,0.0033,1,0.0007,0.0033,51,1.1428,0.1883,52,1.1411,0.1835,2.4,1,0.8,1,0.8,8,1.2,8,1.2,320.241,18.48106533697222,0.0
2,0.4464,0.0841,2,0.4433,0.0916,64,1.1505,0.1706,64,1.1513,0.1703,3.6,5,0.8,5,0.8,6,1.2,6,1.2,148.672,14.082766067450429,6.0945273631840795
64,0.7484,0.128,64,0.7527,0.1293,1,0.0999,0.0343,1,0.0986,0.0369,2.4,3,0.8,3,0.8,1,1.2,1,1.2,759.374,16.836560029706874,22.672253258845437
3,0.6959,0.1125,4,0.7029,0.1113,2,0.5001,0.0802,3,0.5026,0.0861,2.4,6,0.8,6,0.8,8,1.2,8,1.2,69.111,15.448150696782415,0.0
5,0.5579,0.0876,5,0.5403,0.0863,1,0.0462,0.0213,1,0.0533,0.0221,1.2,4,0.8,4,0.8,1,1.2,1,1.2,29.934,23.0162388880831,0.0
64,0.7459,0.1314,64,0.7541,0.128,3,0.5808,0.1212,2,0.58,0.1053,3.6,2,0.8,2,0.8,1,1.2,1,1.2,1042.22,16.420303239146023,19.5273631840796
1,0.1686,0.0458,1,0.1535,0.0434,64,1.1488,0.1701,64,1.1463,0.1692,4.8,2,0.8,2,0.8,7,1.2,7,1.2,2574.576,43.0945793690813,35.71594877764843
64,0.756,0.118,64,0.7556,0.1166,4,0.7816,0.1613,3,0.8024,0.1622,4.8,2,0.8,2,0.8,1,1.2,1,1.2,2412.282,31.34539036146362,18.226256983240223
64,0.7533,0.1117,64,0.7578,0.1086,4,0.7453,0.1384,4,0.7346,0.1406,3.6,5,0.8,5,0.8,3,1.2,3,1.2,792.452,14.420819996289575,11.629353233830846
64,0.7516,0.1204,64,0.7535,0.1214,1,0.1944,0.0403,1,0.2067,0.0478,2.4,3,0.8,3,0.8,3,1.2,3,1.2,784.136,18.043905359341906,12.523277467411544
15,0.5905,0.1449,14,0.5801,0.1329,64,1.0954,0.2126,64,1.0928,0.2215,4.8,8,0.8,8,0.8,8,1.2,8,1.2,3085.735,42.54364598544575,13.431098696461824
1,0.0,0.0,1,0.0,0.0,5,0.6166,0.0837,6,0.5895,0.0854,1.2,5,0.8,5,0.8,6,1.2,6,1.2,30.852,17.460922061746583,0.0
4,0.3475,0.0602,4,0.3536,0.0529,3,0.2482,0.0516,2,0.2538,0.0469,1.2,6,0.8,6,0.8,5,1.2,5,1.2,41.585,17.743443412613352,0.0
64,0.7503,0.1279,64,0.7479,0.1279,8,0.8596,0.1668,9,0.829,0.1597,3.6,7,0.8,7,0.8,7,1.2,7,1.2,1136.466,11.598491823190052,1.0261194029850746
2,0.136,0.0351,2,0.1673,0.0348,4,0.4443,0.0688,4,0.4601,0.0696,1.2,1,0.8,1,0.8,5,1.2,5,1.2,32.149,15.560290699197397,0.0
2,0.2789,0.072,2,0.3168,0.0619,64,1.1431,0.1781,64,1.143,0.1779,3.6,1,0.8,1,0.8,2,1.2,2,1.2,211.829,18.729313898786785,13.401741293532337
4,0.3916,0.0627,4,0.4111,0.0669,2,0.2158,0.046,2,0.1861,0.0465,1.2,2,0.8,2,0.8,1,1.2,1,1.2,54.474,18.36095627199172,0.0
37,0.7482,0.125,37,0.7514,0.1139,25,1.0829,0.1878,25,1.0928,0.183,4.8,1,0.8,1,0.8,3,1.2,3,1.2,2433.838,27.04047244130807,6.610800744878957
3,0.3022,0.0425,2,0.3014,0.0503,3,0.2978,0.0557,3,0.3047,0.0576,1.2,5,0.8,5,0.8,4,1.2,4,1.2,50.265,15.400495185927015,0.0
64,0.7522,0.1188,64,0.7535,0.1189,3,0.3128,0.0638,2,0.288,0.0528,2.4,5,0.8,5,0.8,3,1.2,3,1.2,654.54,16.964832292225122,4.934823091247672
1,0.2741,0.0653,2,0.3147,0.0778,64,1.1386,0.2024,64,1.139,0.194,4.8,8,0.8,8,0.8,8,1.2,8,1.2,2645.048,35.06735212284011,18.482309124767227
3,0.7025,0.1083,4,0.6964,0.1075,2,0.5122,0.0864,3,0.4899,0.0901,2.4,8,0.8,8,0.8,6,1.2,6,1.2,65.119,13.792354676435211,0.0
64,0.7538,0.1179,64,0.7541,0.1194,1,0.0004,0.002,1,0.0008,0.004,3.6,5,0.8,5,0.8,1,1.2,1,1.2,1109.188,14.767310625010891,45.74004975124378
64,0.7555,0.1142,64,0.7551,0.1121,3,0.6941,0.1146,4,0.7059,0.1145,3.6,4,0.8,4,0.8,7,1.2,7,1.2,1158.329,14.000615823053266,7.773631840796019
2,0.1896,0.0404,2,0.2127,0.0462,3,0.404,0.0669,4,0.4015,0.0581,1.2,6,0.8,6,0.8,8,1.2,8,1.2,37.858,15.984270568639731,0.0
64,0.7555,0.117,64,0.7511,0.1164,2,0.3093,0.0639,2,0.2906,0.0646,2.4,6,0.8,6,0.8,2,1.2,2,1.2,724.547,16.697436255339415,6.284916201117319
4,0.4536,0.0688,4,0.446,0.0667,2,0.1443,0.0433,2,0.1561,0.0483,1.2,8,0.8,8,0.8,2,1.2,2,1.2,41.059,19.1709738841102,0.0
64,0.7547,0.1174,64,0.7578,0.1174,2,0.4221,0.0848,2,0.4258,0.0799,4.8,8,0.8,8,0.8,3,1.2,3,1.2,2892.551,30.440243626407483,21.5316573556797
9,0.3228,0.0802,12,0.2727,0.0565,64,1.1281,0.1857,64,1.1367,0.1786,4.8,1,0.8,1,0.8,8,1.2,8,1.2,2744.698,79.80477676725256,25.977653631284912
3,0.3144,0.081,3,0.3138,0.0781,64,1.1466,0.1641,64,1.1496,0.1653,4.8,1,0.8,1,0.8,3,1.2,3,1.2,2315.661,38.10569866735661,26.79236499068901
64,0.755,0.1108,64,0.758,0.1044,36,0.9407,0.1832,36,0.945,0.1847,4.8,7,0.8,7,0.8,8,1.2,8,1.2,2726.7,28.407855402826048,12.057728119180632
10,0.7378,0.1258,10,0.7388,0.1209,7,1.0409,0.1756,7,1.0318,0.1864,3.6,7,0.8,7,0.8,8,1.2,8,1.2,200.055,12.02426621356738,0.0
64,0.7518,0.1223,64,0.7545,0.1202,3,0.7474,0.1514,4,0.7706,0.1363,4.8,6,0.8,6,0.8,5,1.2,5,1.2,2883.909,36.22956622709113,21.298882681564248
64,0.7509,0.1228,64,0.75,0.1261,1,0.1849,0.0391,1,0.2133,0.053,2.4,4,0.8,4,0.8,2,1.2,2,1.2,782.149,16.99760271066223,14.432029795158286
13,0.7373,0.1229,13,0.7345,0.1306,14,1.0384,0.1971,14,1.0395,0.1918,3.6,1,0.8,1,0.8,2,1.2,2,1.2,255.992,12.676968184239948,0.0
2,0.2552,0.0462,3,0.2463,0.0429,3,0.3508,0.0602,4,0.3514,0.0603,1.2,5,0.8,5,0.8,6,1.2,6,1.2,45.621,15.05394175126503,0.0
2,0.4493,0.0874,2,0.4461,0.0875,64,1.1446,0.1801,64,1.146,0.1838,4.8,1,0.8,1,0.8,5,1.2,5,1.2,2668.679,34.90424846209813,17.690875232774676
9,0.7252,0.1108,9,0.7067,0.1142,6,1.0112,0.1672,6,0.9994,0.1694,3.6,7,0.8,7,0.8,2,1.2,2,1.2,386.507,12.133556460020241,0.0
14,0.5935,0.1087,14,0.5665,0.1119,48,1.1255,0.1736,48,1.1211,0.1756,3.6,8,0.8,8,0.8,6,1.2,6,1.2,452.317,12.646548161002455,0.0
2,0.4459,0.1042,2,0.4372,0.1025,64,1.1354,0.1891,64,1.1395,0.1887,4.8,3,0.8,3,0.8,8,1.2,8,1.2,2952.193,43.1213311639427,19.08752327746741
3,0.3425,0.0635,3,0.3569,0.0553,3,0.2425,0.0506,2,0.2557,0.0538,1.2,7,0.8,7,0.8,3,1.2,3,1.2,26.977,16.791752426469337,0.0
1,0.106,0.032,1,0.0954,0.0316,3,0.5117,0.0744,4,0.4927,0.0711,1.2,1,0.8,1,0.8,5,1.2,5,1.2,31.745,16.01891065506611,0.0
64,0.7505,0.1287,64,0.751,0.1265,13,0.7512,0.2224,13,0.7556,0.231,4.8,7,0.8,7,0.8,4,1.2,4,1.2,3510.062,31.4225997868213,18.202979515828677
50,0.4791,0.2934,49,0.4686,0.2948,2,0.3837,0.2826,3,0.3962,0.247,2.4,8,0.8,8,0.8,6,1.2,6,1.2,4086.963,54.37236469838935,6.750465549348231
9,0.5728,0.2124,9,0.577,0.2246,10,0.7839,0.3124,10,0.8177,0.305,3.6,4,0.8,4,0.8,6,1.2,6,1.2,2368.849,19.633836095027636,3.016169154228856
64,0.7511,0.1214,64,0.7516,0.1163,4,0.7298,0.1617,3,0.7376,0.1649,3.6,8,0.8,8,0.8,2,1.2,2,1.2,1089.948,13.878864887782886,11.691542288557214
25,0.752,0.1188,25,0.7539,0.1211,3,0.7686,0.1641,4,0.7704,0.1408,4.8,5,0.8,5,0.8,2,1.2,2,1.2,3915.459,54.9256973886778,12.895716945996275
14,0.5103,0.2673,14,0.4933,0.2653,2,0.3737,0.2117,3,0.3748,0.2055,4.8,2,0.8,2,0.8,5,1.2,5,1.2,5480.059,35.12665474605365,34.91620111731844
