Timestamp,Total_Load_Mbps_Config,Flows,Time_Since_Traffic_Start_s,Time_Since_Last_Rehash_s,Is_Rehash_Event,src1_port2_qdepth,src1_port2_max_q_delay_us,src1_port2_acc_q_delay_us,src1_port2_mbps,src1_port2_congestion_drop_rate_percent,Weight_Port2,src1_port3_qdepth,src1_port3_max_q_delay_us,src1_port3_acc_q_delay_us,src1_port3_mbps,src1_port3_congestion_drop_rate_percent,Weight_Port3,src1_port4_qdepth,src1_port4_max_q_delay_us,src1_port4_acc_q_delay_us,src1_port4_mbps,src1_port4_congestion_drop_rate_percent,Weight_Port4,src1_port5_qdepth,src1_port5_max_q_delay_us,src1_port5_acc_q_delay_us,src1_port5_mbps,src1_port5_congestion_drop_rate_percent,Weight_Port5,src1_port6_qdepth,src1_port6_max_q_delay_us,src1_port6_acc_q_delay_us,src1_port6_mbps,src1_port6_congestion_drop_rate_percent,Weight_Port6,src1_port7_qdepth,src1_port7_max_q_delay_us,src1_port7_acc_q_delay_us,src1_port7_mbps,src1_port7_congestion_drop_rate_percent,Weight_Port7,src1_port8_qdepth,src1_port8_max_q_delay_us,src1_port8_acc_q_delay_us,src1_port8_mbps,src1_port8_congestion_drop_rate_percent,Weight_Port8,src1_port9_qdepth,src1_port9_max_q_delay_us,src1_port9_acc_q_delay_us,src1_port9_mbps,src1_port9_congestion_drop_rate_percent,Weight_Port9,Label_Max_Path_Delay_ms,Label_Total_Drop_Rate_Percent
2026-05-21 03:33:30.572513,1.3,10,1.09,1.01,1,1,9171.0,12988.0,0.152,0.0,0.1071,2,13624.0,16413.0,0.129,0.0,0.1071,1,15342.0,18963.0,0.187,0.0,0.1071,2,14741.0,21760.0,0.129,0.0,0.1071,1,11228.0,18167.0,0.165,0.0,0.1429,3,15760.0,16353.0,0.154,0.0,0.1429,2,10350.0,15906.0,0.213,0.0,0.1429,1,4644.0,4678.0,0.085,0.0,0.1429,21.76,0.0
2026-05-21 03:33:31.627640,1.3,10,2.13,2.06,0,1,44154.9,47531.6,0.172,0.0,0.1071,2,18219.5,20731.3,0.183,0.0,0.1071,1,44206.5,45971.1,0.149,0.0,0.1071,1,43370.3,46738.1,0.206,0.0,0.1071,2,43446.9,72008.9,0.149,0.0,0.1429,1,11850.5,15623.6,0.195,0.0,0.1429,1,44262.2,46468.7,0.195,0.0,0.1429,1,41023.7,41052.8,0.172,0.0,0.1429,72.00890000000001,0.0
2026-05-21 03:33:32.666247,1.3,10,3.18,3.1,0,1,18586.07,21478.58,0.175,0.0,0.1071,1,15622.15,16392.49,0.116,0.0,0.1071,1,22467.65,24558.03,0.198,0.0,0.1071,1,23121.19,26584.33,0.233,0.0,0.1071,1,23426.27,32199.97,0.233,0.0,0.1429,1,9762.05,13566.58,0.186,0.0,0.1429,1,19753.66,22029.81,0.14,0.0,0.1429,1,18877.31,22026.94,0.151,0.0,0.1429,32.19997000000001,0.0
2026-05-21 03:33:33.695786,1.3,10,4.21,4.13,0,1,16404.82,18648.07,0.14,0.0,0.1071,2,20337.24,22252.55,0.198,0.0,0.1071,1,16069.19,19772.81,0.163,0.0,0.1071,2,23847.66,24900.6,0.187,4.84,0.1071,2,15257.08,18699.79,0.245,0.0,0.1429,1,9483.41,13464.67,0.128,0.0,0.1429,1,15056.9,19512.74,0.14,0.0,0.1429,1,12250.89,14719.68,0.187,0.0,0.1429,24.900599000000003,0.69
2026-05-21 03:33:34.726189,1.3,10,5.23,5.16,0,1,15228.95,18829.32,0.198,4.51,0.1071,1,10355.77,10948.56,0.128,0.0,0.1071,1,11773.16,13770.44,0.163,0.0,0.1071,1,18754.7,20764.58,0.163,0.0,0.1071,1,12263.82,16687.44,0.233,0.0,0.1429,1,9276.62,12876.2,0.152,12.37,0.1429,1,12862.47,15431.22,0.152,6.11,0.1429,1,7627.47,9442.6,0.105,9.0,0.1429,20.764579700000002,3.81
2026-05-21 03:33:35.772593,1.3,10,6.27,6.19,0,1,10335.28,12327.5,0.175,0.0,0.1071,1,12349.53,15317.57,0.198,0.0,0.1071,1,12529.05,15209.33,0.209,0.0,0.1071,1,11713.61,17763.27,0.175,0.0,0.1071,1,7800.75,10270.23,0.186,0.0,0.1429,1,10950.59,12054.96,0.209,0.0,0.1429,1,10247.64,11035.07,0.186,0.0,0.1429,1,8314.54,8869.58,0.175,0.0,0.1429,17.76327391,0.0
2026-05-21 03:33:36.817769,1.3,10,7.33,7.25,0,1,10228.69,13064.95,0.175,0.0,0.1071,1,13847.16,14782.37,0.198,0.0,0.1071,1,13686.81,17420.4,0.198,0.0,0.1071,1,9898.78,14176.98,0.128,0.0,0.1071,2,8653.52,12969.97,0.175,0.0,0.1429,1,9961.78,14390.89,0.187,0.0,0.1429,1,6563.09,7362.12,0.128,0.0,0.1429,2,10373.56,13256.07,0.21,0.0,0.1429,17.420399843,0.0
2026-05-21 03:33:37.863377,1.3,10,8.38,8.3,0,2,17573.31,25786.78,0.28,0.0,0.1071,1,12966.45,13261.01,0.163,0.0,0.1071,1,15598.64,16732.02,0.093,0.0,0.1071,1,10722.83,13225.69,0.163,0.0,0.1071,1,9295.76,10610.99,0.163,0.0,0.1429,1,11600.63,13042.77,0.14,0.0,0.1429,2,10382.93,17141.74,0.233,0.0,0.1429,1,9199.27,11410.12,0.163,0.0,0.1429,25.7867846994,0.0
2026-05-21 03:33:38.889213,1.3,10,9.4,9.32,0,1,19617.79,22904.34,0.105,0.0,0.1071,2,13920.93,17672.4,0.163,0.0,0.1071,1,14605.59,16423.31,0.233,0.0,0.1071,1,13403.95,14952.11,0.198,0.0,0.1071,2,16860.83,17269.4,0.222,0.0,0.1429,1,10330.39,15750.53,0.187,0.0,0.1429,1,11731.88,14489.62,0.117,0.0,0.1429,2,15188.98,16192.44,0.175,0.0,0.1429,22.90433540982,0.0
2026-05-21 03:33:39.928404,1.3,10,10.44,10.36,0,1,16136.84,17726.2,0.163,0.0,0.1071,1,13736.88,18591.22,0.209,0.0,0.1071,1,13534.18,14092.79,0.116,0.0,0.1071,2,16816.49,19006.43,0.209,0.0,0.1071,1,11867.85,17965.62,0.163,0.0,0.1429,2,9878.62,16463.46,0.163,0.0,0.1429,1,12703.56,14347.79,0.174,0.0,0.1429,1,10921.09,11868.93,0.198,0.0,0.1429,19.006432518671,0.0
2026-05-21 03:33:40.963652,1.3,10,11.48,11.4,0,1,15544.05,21534.06,0.197,0.0,0.1071,1,11083.96,18834.67,0.197,0.0,0.1071,1,14664.55,16143.24,0.116,0.0,0.1071,1,11003.35,13681.93,0.186,0.0,0.1071,1,8083.05,10456.29,0.139,0.0,0.1429,1,7279.79,11556.14,0.197,0.0,0.1429,1,10022.87,10998.44,0.151,0.0,0.1429,1,9669.43,10471.08,0.209,0.0,0.1429,21.5340601868838,0.0
2026-05-21 03:33:41.997845,1.3,10,12.51,12.43,0,1,13367.72,15921.42,0.187,0.0,0.1071,1,13284.09,16508.1,0.128,0.0,0.1071,1,13007.27,15095.17,0.152,0.0,0.1071,1,15435.5,16251.68,0.233,0.0,0.1071,1,10722.02,11729.39,0.163,0.0,0.1429,1,6983.84,12763.54,0.187,0.0,0.1429,1,9821.36,10468.23,0.175,0.0,0.1429,2,9969.43,15764.42,0.175,0.0,0.1429,16.50809989096867,0.0
2026-05-21 03:33:43.032469,1.3,10,13.55,13.47,0,1,15642.91,17349.13,0.128,0.0,0.1071,2,12599.43,16423.33,0.209,0.0,0.1071,1,14127.08,18254.15,0.209,0.0,0.1071,1,14479.65,15262.1,0.151,0.0,0.1071,1,9557.2,10086.22,0.186,0.0,0.1429,1,5394.25,9842.76,0.198,0.0,0.1429,1,7722.51,8837.07,0.163,0.0,0.1429,1,8569.13,14369.73,0.151,0.0,0.1429,18.254151378485545,0.0
2026-05-21 03:33:44.065949,1.3,10,14.58,14.5,0,1,16002.77,17412.74,0.198,0.0,0.1071,1,10530.63,14205.5,0.14,0.0,0.1071,1,13470.42,14884.95,0.152,0.0,0.1071,1,12475.8,14333.83,0.21,0.0,0.1071,1,10819.16,11339.76,0.14,0.0,0.1429,1,8275.98,11308.03,0.175,0.0,0.1429,1,8116.25,9248.62,0.175,0.0,0.1429,1,8879.84,11562.92,0.21,0.0,0.1429,17.41273762504586,0.0
2026-05-21 03:33:45.110102,1.3,10,15.62,15.54,0,1,15680.93,18075.12,0.163,0.0,0.1071,1,12627.39,14199.55,0.151,0.0,0.1071,1,13827.13,14677.78,0.186,0.0,0.1071,1,13877.34,15871.15,0.198,0.0,0.1071,1,10421.45,10588.13,0.151,0.0,0.1429,1,9409.29,12539.31,0.186,0.0,0.1429,1,8923.88,10625.79,0.256,0.0,0.1429,2,11243.15,13542.58,0.105,0.0,0.1429,18.075121287513756,0.0
2026-05-21 03:33:46.155580,1.3,10,16.67,16.59,0,2,17161.48,19751.54,0.186,0.0,0.1071,1,13678.52,15774.16,0.163,5.63,0.1071,1,14374.44,16587.54,0.163,5.21,0.1071,2,14543.5,22828.34,0.186,0.0,0.1071,1,9406.83,11851.54,0.198,4.51,0.1429,1,9762.59,13227.19,0.175,0.0,0.1429,1,8986.96,12124.64,0.163,5.63,0.1429,1,9563.05,11542.97,0.175,5.21,0.1429,22.828344799306112,3.28
2026-05-21 03:33:47.194844,1.3,10,17.71,17.63,0,1,12625.14,15157.06,0.163,0.0,0.1071,1,14199.65,20916.25,0.222,0.0,0.1071,1,14054.93,14772.76,0.163,0.0,0.1071,1,16365.95,19699.1,0.175,5.21,0.1071,1,9768.15,12170.36,0.163,0.0,0.1429,2,11346.28,19853.96,0.233,0.0,0.1429,2,10057.29,13594.89,0.198,0.0,0.1429,1,10920.31,12822.59,0.152,0.0,0.1429,20.916249472735053,0.68
2026-05-21 03:33:48.251067,1.3,10,18.76,18.68,0,1,12164.44,15689.02,0.21,4.21,0.1071,1,13027.4,15689.17,0.187,0.0,0.1071,1,14372.78,14765.23,0.198,0.0,0.1071,1,9411.49,11662.33,0.128,0.0,0.1071,1,7111.55,9417.01,0.163,0.0,0.1429,1,10037.78,15128.99,0.187,0.0,0.1429,1,9592.29,12597.47,0.163,0.0,0.1429,1,10439.89,13045.48,0.187,0.0,0.1429,15.689174841820517,0.66
2026-05-21 03:33:49.286605,1.3,10,19.8,19.73,0,1,19508.53,28504.61,0.151,0.0,0.1071,1,14345.22,16067.75,0.197,0.0,0.1071,2,16524.73,17729.57,0.174,0.0,0.1071,2,10842.65,16054.6,0.186,0.0,0.1071,1,9178.96,9884.6,0.151,0.0,0.1429,1,10558.03,12097.3,0.186,0.0,0.1429,1,9624.29,14348.54,0.151,0.0,0.1429,2,10136.17,15028.94,0.209,0.0,0.1429,28.504605482428857,0.0
2026-05-21 03:33:50.322115,1.3,10,20.83,20.75,0,1,15611.26,19285.18,0.198,0.0,0.1071,2,14401.07,18014.63,0.163,0.0,0.1071,1,14875.02,15249.07,0.163,0.0,0.1071,1,13242.49,16068.88,0.175,0.0,0.1071,2,9219.59,11935.18,0.152,0.0,0.1429,2,11399.41,11875.19,0.21,0.0,0.1429,2,9110.29,13143.46,0.117,0.0,0.1429,2,9701.35,12342.38,0.222,0.0,0.1429,19.28518164472866,0.0
2026-05-21 03:33:51.355679,1.3,10,21.87,21.79,0,2,15576.78,17932.65,0.21,0.0,0.1071,1,10117.72,12578.69,0.163,0.0,0.1071,1,14613.21,16142.22,0.163,5.63,0.1071,1,11771.45,13332.66,0.152,0.0,0.1071,1,8743.88,11999.45,0.233,0.0,0.1429,1,11153.42,11308.06,0.187,0.0,0.1429,1,9373.99,11216.04,0.082,0.0,0.1429,1,9337.11,10559.21,0.198,0.0,0.1429,17.932654493418596,0.7
2026-05-21 03:33:52.385574,1.3,10,22.89,22.82,0,1,11583.43,12573.0,0.117,0.0,0.1071,1,12564.42,15417.41,0.198,0.0,0.1071,1,18858.56,19331.27,0.152,0.0,0.1071,1,13302.03,14748.3,0.233,3.71,0.1071,1,9688.96,12410.74,0.187,0.0,0.1429,1,10003.73,10444.92,0.175,0.0,0.1429,1,9339.0,9902.11,0.163,0.0,0.1429,1,8371.73,9254.26,0.175,0.0,0.1429,19.331266348078582,0.65
2026-05-21 03:33:53.428934,1.3,10,23.94,23.86,0,1,12458.83,12784.4,0.128,0.0,0.1071,1,16916.72,28220.12,0.21,0.0,0.1071,1,15367.27,20651.28,0.222,0.0,0.1071,1,11146.71,15189.09,0.152,0.0,0.1071,1,13024.49,18910.42,0.21,0.0,0.1429,1,9597.22,12038.88,0.14,0.0,0.1429,1,8375.8,11232.73,0.187,0.0,0.1429,1,8556.72,11868.58,0.163,0.0,0.1429,28.220121894865624,0.0
2026-05-21 03:33:54.472816,1.3,10,24.98,24.9,0,2,14047.25,17233.32,0.163,0.0,0.1071,1,14771.42,19766.14,0.174,0.0,0.1071,1,17791.18,20270.28,0.186,0.0,0.1071,1,15456.81,16682.83,0.174,0.0,0.1071,1,11131.35,13623.73,0.139,0.0,0.1429,1,8941.87,12489.76,0.209,0.0,0.1429,1,14689.94,15570.82,0.186,0.0,0.1429,2,11063.62,12087.27,0.163,0.0,0.1429,20.270283971327075,0.0
2026-05-21 03:33:55.515746,1.3,10,26.03,25.95,0,1,14114.97,15823.3,0.187,0.0,0.1071,1,14652.83,21183.54,0.163,0.0,0.1071,2,15511.85,16914.29,0.152,0.0,0.1071,1,15156.64,16155.15,0.198,0.0,0.1071,1,11334.1,12094.42,0.163,0.0,0.1429,1,11095.86,12902.23,0.14,0.0,0.1429,1,9677.28,10609.35,0.152,0.0,0.1429,1,11073.68,13009.68,0.245,0.0,0.1429,21.183540970537905,0.0
2026-05-21 03:33:56.549390,1.3,10,27.06,26.98,0,1,15670.39,16254.29,0.128,0.0,0.1071,2,14942.05,20346.66,0.209,0.0,0.1071,2,21285.56,22469.29,0.197,0.0,0.1071,1,14652.19,16394.44,0.163,0.0,0.1071,1,9908.13,13177.03,0.163,0.0,0.1429,2,9331.26,12119.47,0.186,0.0,0.1429,1,12569.48,12860.3,0.209,0.0,0.1429,1,10492.91,12385.5,0.139,0.0,0.1429,22.469285557419436,0.0
2026-05-21 03:33:57.595381,1.3,10,28.11,28.03,0,1,16534.62,20112.49,0.221,0.0,0.1071,2,17109.21,18743.9,0.175,0.0,0.1071,1,11617.47,15505.49,0.175,0.0,0.1071,2,19244.06,20925.93,0.128,0.0,0.1071,1,9871.64,11877.11,0.175,0.0,0.1429,1,10864.08,11907.74,0.14,6.67,0.1429,1,10506.95,16874.59,0.175,0.0,0.1429,2,14072.77,14653.15,0.233,0.0,0.1429,20.925933327010704,0.7
2026-05-21 03:33:58.653067,1.3,10,29.16,29.08,0,1,15216.79,16446.25,0.152,0.0,0.1071,1,15881.26,18998.77,0.163,0.0,0.1071,2,14646.04,17715.75,0.187,0.0,0.1071,1,16211.62,17269.18,0.21,0.0,0.1071,1,9689.89,10915.23,0.163,0.0,0.1429,1,9916.22,11345.82,0.198,0.0,0.1429,1,9246.98,12431.28,0.198,4.51,0.1429,1,9672.03,10675.65,0.14,6.67,0.1429,18.998769606204522,1.35
2026-05-21 03:33:59.695611,1.3,10,30.2,30.12,0,1,15550.84,16747.77,0.175,0.0,0.1071,1,10976.88,12268.43,0.163,0.0,0.1071,1,9879.71,12386.12,0.175,5.21,0.1071,1,15558.79,17383.15,0.21,0.0,0.1071,2,15521.67,18169.87,0.175,0.0,0.1429,2,8608.47,13067.95,0.187,0.0,0.1429,1,11456.2,12619.38,0.222,0.0,0.1429,1,9099.41,11138.59,0.152,0.0,0.1429,18.16986968482199,0.68
2026-05-21 03:34:00.927696,1.3,10,31.44,1.0,1,2,25154.95,27259.13,0.326,0.0,0.1923,2,22430.36,29796.13,0.373,0.0,0.1923,2,21394.21,22158.04,0.349,0.0,0.1923,2,24847.94,25589.85,0.349,0.0,0.1923,1,7005.7,7841.46,0.047,0.0,0.0577,1,8050.24,10517.18,0.116,0.0,0.0577,1,5440.96,6898.01,0.035,0.0,0.0577,1,5459.82,7564.68,0.058,0.0,0.0577,29.796129264558406,0.0
2026-05-21 03:34:01.957993,1.3,10,32.47,2.03,0,3,29798.79,31959.54,0.361,0.0,0.1923,2,23864.41,27246.64,0.279,0.0,0.1923,2,27009.46,27249.11,0.268,3.1,0.1923,2,28318.58,28555.85,0.337,0.0,0.1923,1,2986.51,3263.14,0.012,0.0,0.0577,1,2842.07,3619.26,0.012,0.0,0.0577,1,3331.19,4713.3,0.047,0.0,0.0577,1,2547.25,3203.9,0.07,0.0,0.0577,31.95953964171212,0.62
2026-05-21 03:34:02.990682,1.3,10,33.5,3.06,0,2,28630.64,29292.16,0.326,0.0,0.1923,2,23743.02,26075.79,0.291,0.0,0.1923,2,28502.94,32776.23,0.315,0.0,0.1923,2,31270.77,31383.96,0.338,0.0,0.1923,1,3450.95,3559.14,0.035,0.0,0.0577,1,3022.62,3287.98,0.058,0.0,0.0577,1,2115.86,2984.79,0.035,0.0,0.0577,1,792.87,1015.07,0.012,0.0,0.0577,32.77623334017136,0.0
2026-05-21 03:34:04.038965,1.3,10,34.54,4.1,0,2,30825.39,31050.45,0.373,0.0,0.1923,2,17205.71,20105.64,0.256,0.0,0.1923,2,21711.58,26098.07,0.268,0.0,0.1923,2,27020.53,28861.19,0.361,0.0,0.1923,1,1288.69,1334.44,0.023,0.0,0.0577,1,1254.69,1365.79,0.023,0.0,0.0577,1,2016.56,2289.14,0.023,0.0,0.0577,1,3557.96,4632.62,0.07,0.0,0.0577,31.050448567754092,0.0
2026-05-21 03:34:05.082057,1.3,10,35.59,5.15,0,2,20328.62,25255.53,0.338,0.0,0.1923,2,22137.41,27556.69,0.292,0.0,0.1923,2,28012.57,29340.42,0.35,0.0,0.1923,2,20830.76,25863.66,0.28,0.0,0.1923,1,2142.91,2183.23,0.012,0.0,0.0577,1,1240.21,1286.84,0.023,0.0,0.0577,1,3717.87,3824.84,0.058,0.0,0.0577,1,8959.89,9359.29,0.047,0.0,0.0577,29.340421000615425,0.0
2026-05-21 03:34:06.115975,1.3,10,36.63,6.19,0,2,24106.09,29799.56,0.302,0.0,0.1923,2,23826.22,27468.01,0.313,0.0,0.1923,2,23978.07,26134.83,0.278,0.0,0.1923,2,24447.83,28344.0,0.359,0.0,0.1923,1,760.47,790.07,0.035,0.0,0.0577,1,407.76,435.05,0.023,0.0,0.0577,1,2849.96,2896.05,0.058,0.0,0.0577,1,2724.37,2858.89,0.023,0.0,0.0577,29.79956037109787,0.0
2026-05-21 03:34:07.218267,1.3,10,37.66,7.22,0,2,22571.63,28348.77,0.326,0.0,0.1923,2,27249.07,30361.8,0.373,0.0,0.1923,2,21221.42,28602.45,0.338,0.0,0.1923,2,26067.05,31219.6,0.326,0.0,0.1923,1,1208.14,1247.12,0.035,0.0,0.0577,1,2442.83,2463.62,0.035,0.0,0.0577,1,12216.69,12244.52,0.058,0.0,0.0577,1,3580.91,3635.97,0.023,0.0,0.0577,31.219599044879672,0.0
2026-05-21 03:34:08.254372,1.3,10,38.77,8.33,0,2,25512.59,30397.83,0.291,0.0,0.1923,2,26029.62,28467.74,0.35,0.0,0.1923,2,21920.43,26129.03,0.291,0.0,0.1923,2,27736.51,34125.58,0.326,0.0,0.1923,1,392.54,425.24,0.023,0.0,0.0577,1,1313.85,1714.88,0.047,0.0,0.0577,1,5597.01,5631.25,0.047,0.0,0.0577,1,3102.87,3133.39,0.023,0.0,0.0577,34.1255797134639,0.0
2026-05-21 03:34:09.291945,1.3,10,39.8,9.36,0,2,23277.78,31025.85,0.303,0.0,0.1923,3,22380.79,34742.72,0.303,0.0,0.1923,2,25066.63,26355.11,0.291,0.0,0.1923,2,24927.75,27456.97,0.361,0.0,0.1923,1,6762.86,7249.37,0.047,0.0,0.0577,1,4015.25,4149.57,0.047,0.0,0.0577,1,2439.3,2462.88,0.035,0.0,0.0577,1,971.46,995.32,0.012,0.0,0.0577,34.742722199101046,0.0
2026-05-21 03:34:10.345082,1.3,10,40.85,10.41,0,2,25673.33,28959.55,0.326,0.0,0.1923,2,26020.94,38582.42,0.326,0.0,0.1923,2,26033.59,34626.23,0.268,0.0,0.1923,2,20363.93,26320.89,0.338,0.0,0.1923,1,3824.36,4860.71,0.023,0.0,0.0577,1,2995.18,3062.77,0.047,0.0,0.0577,1,4184.89,4203.86,0.047,0.0,0.0577,1,1578.74,1609.0,0.023,0.0,0.0577,38.58241665973031,0.0
2026-05-21 03:34:11.393114,1.3,10,41.9,11.47,0,2,27060.5,28068.77,0.361,0.0,0.1923,1,19587.28,26381.12,0.267,0.0,0.1923,2,19742.28,24368.97,0.279,2.93,0.1923,2,22750.28,27710.47,0.372,0.0,0.1923,1,7814.81,8151.61,0.035,0.0,0.0577,1,4232.65,4278.13,0.047,0.0,0.0577,1,2641.47,3647.46,0.035,0.0,0.0577,1,1088.92,1119.0,0.035,0.0,0.0577,28.068766421701767,0.59
2026-05-21 03:34:12.441780,1.3,10,42.95,12.51,0,2,27489.25,27803.63,0.303,0.0,0.1923,2,27238.78,30130.94,0.338,2.26,0.1923,2,22393.68,26099.39,0.327,0.0,0.1923,2,20211.18,22723.34,0.292,2.78,0.1923,1,4947.04,5062.78,0.035,0.0,0.0577,1,4221.7,5275.54,0.07,0.0,0.0577,1,4467.44,4781.84,0.023,0.0,0.0577,1,2452.58,2487.5,0.012,0.0,0.0577,30.13093749937573,1.15
2026-05-21 03:34:13.494069,1.3,10,44.0,13.56,0,2,25706.17,26651.69,0.302,0.0,0.1923,2,24370.34,30496.38,0.349,0.0,0.1923,2,22232.9,23369.12,0.337,0.0,0.1923,2,26213.56,28643.0,0.325,0.0,0.1923,1,1552.71,1602.14,0.046,0.0,0.0577,1,3192.91,3523.06,0.023,0.0,0.0577,1,2754.93,2908.75,0.058,0.0,0.0577,1,2443.07,2487.85,0.012,0.0,0.0577,30.496381249812718,0.0
2026-05-21 03:34:14.534904,1.3,10,45.05,14.61,0,2,22497.95,28060.31,0.303,0.0,0.1923,3,27828.8,31060.31,0.326,0.0,0.1923,2,19450.47,20638.34,0.315,0.0,0.1923,2,24381.97,29237.3,0.338,0.0,0.1923,0,465.81,480.64,0.0,0.0,0.0577,1,5670.97,6278.22,0.035,0.0,0.0577,1,3921.88,4083.53,0.07,0.0,0.0577,1,1360.82,1401.55,0.035,0.0,0.0577,31.060314374943818,0.0
2026-05-21 03:34:15.565101,1.3,10,46.08,15.64,0,2,20409.89,27733.89,0.291,0.0,0.1923,2,25374.04,29261.79,0.291,0.0,0.1923,2,20754.94,23813.3,0.349,2.15,0.1923,2,21294.29,28398.49,0.302,2.64,0.1923,1,2491.74,2620.09,0.035,0.0,0.0577,0,1701.29,1883.47,0.0,0.0,0.0577,1,3014.06,4743.96,0.07,0.0,0.0577,1,1890.85,1922.67,0.035,0.0,0.0577,29.261794312483143,1.15
2026-05-21 03:34:16.604067,1.3,10,47.11,16.67,0,2,23075.57,27705.97,0.36,0.0,0.1923,2,21613.61,27388.74,0.314,0.0,0.1923,2,27290.88,29319.99,0.279,0.0,0.1923,2,22614.99,29212.25,0.326,0.0,0.1923,1,1852.82,1905.33,0.035,0.0,0.0577,0,510.39,565.04,0.0,0.0,0.0577,1,2969.22,3508.49,0.058,0.0,0.0577,1,2452.35,2476.6,0.047,0.0,0.0577,29.31999016692482,0.0
2026-05-21 03:34:17.647176,1.3,10,48.16,17.72,0,2,23595.97,26947.19,0.279,0.0,0.1923,2,19663.68,23314.22,0.303,0.0,0.1923,2,27138.36,29512.5,0.291,0.0,0.1923,2,25671.2,28915.97,0.384,0.0,0.1923,1,597.85,643.7,0.023,0.0,0.0577,1,2560.42,2604.11,0.07,0.0,0.0577,1,1073.47,1275.15,0.023,0.0,0.0577,1,1750.71,1771.28,0.023,0.0,0.0577,29.512497050077446,0.0
2026-05-21 03:34:18.690246,1.3,10,49.2,18.76,0,2,24064.99,26861.66,0.303,0.0,0.1923,2,21398.51,27241.07,0.35,0.0,0.1923,2,23099.11,28632.25,0.245,0.0,0.1923,2,23397.46,27018.99,0.361,0.0,0.1923,1,209.45,236.51,0.023,0.0,0.0577,1,2723.22,3439.13,0.047,0.0,0.0577,1,357.04,432.94,0.047,0.0,0.0577,1,1064.91,1092.08,0.023,0.0,0.0577,28.63224911502324,0.0
2026-05-21 03:34:19.740739,1.3,10,50.24,19.8,0,2,25470.6,28490.8,0.324,0.0,0.1923,2,22149.95,24935.22,0.336,0.0,0.1923,2,23600.93,27163.47,0.289,0.0,0.1923,2,21591.14,23849.4,0.301,0.0,0.1923,1,6015.64,6297.45,0.046,0.0,0.0577,1,931.77,1161.24,0.012,0.0,0.0577,1,131.61,167.68,0.012,0.0,0.0577,1,2084.87,2146.93,0.081,0.0,0.0577,28.49079712526493,0.0
2026-05-21 03:34:20.788097,1.3,10,51.3,20.86,0,2,26408.88,40393.74,0.315,2.5,0.1923,2,22957.79,25464.27,0.315,0.0,0.1923,2,27167.48,34844.94,0.28,0.0,0.1923,2,27606.84,28297.62,0.35,2.15,0.1923,1,2305.19,2413.54,0.07,0.0,0.0577,1,2607.73,4255.77,0.047,0.0,0.0577,0,39.48,50.3,0.0,0.0,0.0577,1,8316.36,9674.78,0.023,0.0,0.0577,40.39373913757947,1.12
2026-05-21 03:34:21.841027,1.3,10,52.35,21.91,0,2,28970.96,35558.32,0.315,0.0,0.1923,2,25316.94,28502.08,0.326,5.63,0.1923,2,25997.44,31778.28,0.338,0.0,0.1923,2,21234.85,23127.69,0.326,0.0,0.1923,1,3058.96,3105.46,0.023,0.0,0.0577,1,2782.22,3289.23,0.012,0.0,0.0577,1,3828.25,3845.49,0.012,0.0,0.0577,1,5387.31,7921.43,0.093,0.0,0.0577,35.55832174127384,1.34
2026-05-21 03:34:22.885954,1.3,10,53.39,22.95,0,2,22349.69,31161.4,0.28,0.0,0.1923,2,25650.88,28135.22,0.385,0.0,0.1923,2,22613.33,24360.18,0.315,0.0,0.1923,3,24892.46,28937.91,0.315,0.0,0.1923,1,2590.69,2618.64,0.047,0.0,0.0577,1,1459.77,1634.27,0.047,0.0,0.0577,1,1196.07,1220.15,0.035,0.0,0.0577,1,1947.29,2725.73,0.012,0.0,0.0577,31.16139652238215,0.0
2026-05-21 03:34:23.929765,1.3,10,54.44,24.0,0,2,26279.71,29152.12,0.349,0.0,0.1923,2,26021.96,27212.47,0.349,0.0,0.1923,2,25681.9,26219.26,0.314,0.0,0.1923,2,20097.14,28329.67,0.267,0.0,0.1923,1,2479.61,2613.29,0.023,0.0,0.0577,1,884.53,970.48,0.023,0.0,0.0577,1,2237.62,2801.34,0.035,0.0,0.0577,1,3312.79,4351.32,0.058,0.0,0.0577,29.15211895671464,0.0
2026-05-21 03:34:24.972226,1.3,10,55.48,25.04,0,2,23198.51,26564.14,0.338,0.0,0.1923,2,25382.19,25752.64,0.326,0.0,0.1923,2,27056.07,34995.68,0.326,0.0,0.1923,2,23375.84,25860.3,0.268,0.0,0.1923,1,1881.38,1943.89,0.047,0.0,0.0577,1,4029.26,4069.04,0.047,0.0,0.0577,1,1643.59,2460.9,0.023,0.0,0.0577,1,4523.94,4863.5,0.023,0.0,0.0577,34.995676633604845,0.0
2026-05-21 03:34:26.009907,1.3,10,56.52,26.08,0,2,24960.75,27695.24,0.315,0.0,0.1923,2,28529.96,29172.39,0.338,0.0,0.1923,2,24222.42,27501.0,0.326,0.0,0.1923,2,22270.65,26178.59,0.28,0.0,0.1923,1,1354.01,1386.07,0.035,0.0,0.0577,1,5734.28,6248.81,0.07,0.0,0.0577,1,4779.88,5046.77,0.023,0.0,0.0577,1,5366.78,5481.95,0.012,0.0,0.0577,29.172392046331836,0.0
2026-05-21 03:34:27.045183,1.3,10,57.56,27.12,0,2,22317.73,26659.07,0.303,0.0,0.1923,2,20460.39,22664.92,0.256,0.0,0.1923,2,22328.63,28916.4,0.35,0.0,0.1923,2,23070.3,25098.08,0.35,0.0,0.1923,1,2426.4,2449.32,0.035,0.0,0.0577,1,2222.18,2405.24,0.023,0.0,0.0577,1,2910.96,3005.03,0.035,0.0,0.0577,1,4678.83,4728.78,0.047,0.0,0.0577,28.916400897024435,0.0
2026-05-21 03:34:28.084740,1.3,10,58.6,28.16,0,2,24032.22,28075.12,0.361,0.0,0.1923,2,26181.92,29679.68,0.291,0.0,0.1923,2,23909.49,31863.12,0.338,0.0,0.1923,2,16815.59,22534.62,0.268,0.0,0.1923,1,1743.62,1904.5,0.023,0.0,0.0577,1,7001.65,7069.87,0.047,0.0,0.0577,1,1205.79,1288.61,0.035,0.0,0.0577,1,2142.85,2207.54,0.035,0.0,0.0577,31.863120269107327,0.0
2026-05-21 03:34:29.111563,1.3,10,59.63,29.19,0,2,23397.17,32447.94,0.315,0.0,0.1923,2,26079.77,27152.2,0.327,0.0,0.1923,2,25972.75,30745.14,0.327,0.0,0.1923,2,20854.88,22583.89,0.292,0.0,0.1923,1,8139.79,8202.75,0.047,0.0,0.0577,0,2100.5,2120.96,0.0,0.0,0.0577,1,2221.64,2259.78,0.035,0.0,0.0577,1,3247.56,3356.56,0.058,0.0,0.0577,32.44793649906482,0.0
2026-05-21 03:34:30.143810,1.3,10,60.65,30.21,0,2,21410.45,26924.28,0.349,0.0,0.1923,2,24530.13,26018.06,0.314,0.0,0.1923,2,23302.42,26421.84,0.349,0.0,0.1923,1,16059.26,18174.67,0.245,0.0,0.1923,1,3831.44,3865.72,0.023,0.0,0.0577,1,3241.85,3262.69,0.082,0.0,0.0577,1,1080.89,1322.63,0.023,0.0,0.0577,1,2217.47,2645.67,0.012,0.0,0.0577,26.924280949719446,0.0
2026-05-21 03:34:31.378408,1.3,10,61.87,1.0,1,2,18612.23,22059.08,0.233,0.0,0.1071,2,21814.74,22728.02,0.151,0.0,0.1071,2,18908.23,22112.05,0.186,0.0,0.1071,2,17991.78,22484.8,0.198,0.0,0.1071,1,7786.13,11658.32,0.221,0.0,0.1429,1,8888.15,8906.31,0.198,0.0,0.1429,1,6828.67,7877.69,0.221,0.0,0.1429,2,8851.04,11605.9,0.233,0.0,0.1429,22.728018232672586,0.0
2026-05-21 03:34:32.421148,1.3,10,62.93,2.05,0,1,15462.77,18549.93,0.175,4.84,0.1071,1,13435.92,15806.41,0.14,0.0,0.1071,1,16827.67,17833.62,0.152,0.0,0.1071,1,15798.13,17170.54,0.117,0.0,0.1071,1,8876.64,10807.6,0.222,0.0,0.1429,1,11225.35,11424.69,0.187,4.84,0.1429,2,11718.4,14079.91,0.28,0.0,0.1429,1,9502.71,11818.07,0.198,0.0,0.1429,18.54992528547475,1.28
2026-05-21 03:34:33.482239,1.3,10,63.98,3.11,0,1,14869.33,18115.28,0.14,0.0,0.1071,1,7207.38,8230.72,0.14,6.67,0.1071,1,11648.6,12579.68,0.152,0.0,0.1071,1,12216.14,14935.06,0.14,0.0,0.1071,1,10519.79,12478.08,0.221,0.0,0.1429,1,9416.3,13450.71,0.28,0.0,0.1429,2,9690.92,12004.47,0.21,0.0,0.1429,1,7976.21,10121.92,0.14,0.0,0.1429,18.115277585642428,0.72
2026-05-21 03:34:34.522830,1.3,10,65.03,4.16,0,1,11809.4,12795.08,0.163,0.0,0.1071,1,11169.81,14276.12,0.152,0.0,0.1071,1,8666.18,11192.51,0.105,0.0,0.1071,1,15331.04,20983.02,0.152,0.0,0.1071,1,9870.34,10721.72,0.233,0.0,0.1429,1,5953.89,7520.51,0.175,0.0,0.1429,1,9603.48,10761.64,0.175,0.0,0.1429,2,9391.46,13526.08,0.256,0.0,0.1429,20.983018595269748,0.0
2026-05-21 03:34:35.563734,1.3,10,66.08,5.2,0,1,13176.22,13484.52,0.187,0.0,0.1071,1,14512.44,16676.33,0.14,0.0,0.1071,1,12379.55,14882.55,0.128,0.0,0.1071,1,14309.71,16510.01,0.105,0.0,0.1071,2,11737.0,12541.22,0.28,0.0,0.1429,1,8124.67,9939.35,0.233,0.0,0.1429,1,6898.34,10019.19,0.152,0.0,0.1429,1,6645.04,8958.52,0.175,0.0,0.1429,16.676334947684648,0.0
2026-05-21 03:34:36.594989,1.3,10,67.11,6.24,0,1,10371.87,10818.56,0.105,0.0,0.1071,1,10209.23,13386.1,0.198,0.0,0.1071,1,11907.37,17637.37,0.152,0.0,0.1071,1,14237.81,15532.1,0.105,0.0,0.1071,2,11226.0,13530.87,0.233,0.0,0.1429,2,9116.8,10160.31,0.198,0.0,0.1429,1,9619.7,13022.06,0.198,0.0,0.1429,1,6050.71,9405.46,0.21,0.0,0.1429,17.637365486960853,0.0
2026-05-21 03:34:37.622571,1.3,10,68.13,7.26,0,1,13801.26,14647.87,0.152,0.0,0.1071,1,12288.77,15020.53,0.187,0.0,0.1071,1,10460.21,12458.51,0.14,0.0,0.1071,1,9570.34,12126.53,0.082,0.0,0.1071,1,9578.2,13073.86,0.198,0.0,0.1429,2,11442.34,14163.39,0.175,0.0,0.1429,1,10183.41,11726.32,0.222,0.0,0.1429,2,9415.81,14564.84,0.245,0.0,0.1429,15.020530145291618,0.0
2026-05-21 03:34:38.675358,1.3,10,69.18,8.3,0,1,5614.58,5891.66,0.093,0.0,0.1071,1,14143.93,15757.96,0.152,0.0,0.1071,1,13662.56,15577.35,0.175,0.0,0.1071,1,12639.6,13426.06,0.14,0.0,0.1071,1,11231.46,13792.86,0.21,0.0,0.1429,1,8478.3,11470.22,0.233,0.0,0.1429,1,6891.72,9958.6,0.163,0.0,0.1429,1,11540.44,16347.85,0.233,0.0,0.1429,16.34785111812959,0.0
2026-05-21 03:34:39.721257,1.3,10,70.23,9.36,0,1,12308.97,12418.7,0.14,0.0,0.1071,1,8284.28,9531.49,0.093,0.0,0.1071,1,14748.57,17271.11,0.163,0.0,0.1071,1,12060.28,12320.02,0.163,0.0,0.1071,1,12006.74,20519.26,0.175,0.0,0.1429,2,10687.29,18320.97,0.268,0.0,0.1429,2,11616.22,20273.38,0.21,0.0,0.1429,1,8374.73,12204.66,0.187,0.0,0.1429,20.519257358274018,0.0
2026-05-21 03:34:40.765936,1.3,10,71.27,10.4,0,1,11479.49,17573.71,0.105,0.0,0.1071,1,8293.18,13302.75,0.128,0.0,0.1071,1,14006.87,16031.33,0.198,0.0,0.1071,1,13184.28,17095.41,0.128,0.0,0.1071,2,11803.22,19697.98,0.233,0.0,0.1429,1,9369.69,12721.69,0.245,0.0,0.1429,1,11350.77,16684.91,0.152,6.11,0.1429,1,9261.12,13647.6,0.21,0.0,0.1429,19.697977207482207,0.71
2026-05-21 03:34:41.813981,1.3,10,72.32,11.45,0,1,9589.85,12851.71,0.14,0.0,0.1071,1,12778.66,16913.52,0.117,0.0,0.1071,2,14713.26,20050.5,0.187,0.0,0.1071,1,14087.09,15995.42,0.128,0.0,0.1071,1,11655.37,17548.29,0.21,0.0,0.1429,1,10074.81,12613.41,0.245,0.0,0.1429,1,10168.63,15161.07,0.257,0.0,0.1429,1,11313.44,12648.98,0.175,10.79,0.1429,20.050499528133315,1.46
2026-05-21 03:34:42.857343,1.3,10,73.37,12.5,0,1,12934.55,14226.01,0.128,0.0,0.1071,1,8035.7,11012.86,0.152,0.0,0.1071,1,14247.58,17318.75,0.152,0.0,0.1071,1,14437.03,18161.63,0.152,0.0,0.1071,1,11154.61,12933.69,0.175,5.21,0.1429,2,11496.64,15731.62,0.198,0.0,0.1429,1,11094.29,12603.92,0.14,13.33,0.1429,2,11622.53,14160.29,0.303,0.0,0.1429,18.161626479120038,2.21
2026-05-21 03:34:43.897485,1.3,10,74.4,13.53,0,1,7972.57,9453.4,0.105,0.0,0.1071,1,9223.81,11462.36,0.14,0.0,0.1071,1,11853.17,15235.72,0.14,0.0,0.1071,2,13685.91,17460.49,0.186,0.0,0.1071,1,10187.48,12623.81,0.21,0.0,0.1429,1,8698.99,10734.59,0.163,0.0,0.1429,2,10044.09,15822.58,0.326,0.0,0.1429,2,10577.06,13764.59,0.186,0.0,0.1429,17.460487943736013,0.0
2026-05-21 03:34:44.962056,1.3,10,75.47,14.59,0,1,5144.87,7803.92,0.14,0.0,0.1071,1,5075.74,5773.21,0.082,0.0,0.1071,1,14619.45,17480.12,0.175,0.0,0.1071,1,13969.47,18716.65,0.163,0.0,0.1071,1,8579.24,12348.14,0.198,0.0,0.1429,2,11326.8,19157.28,0.233,0.0,0.1429,1,9603.73,12415.27,0.256,0.0,0.1429,1,12482.42,13454.08,0.152,0.0,0.1429,19.157275985593547,0.0
2026-05-21 03:34:45.997831,1.3,10,76.51,15.64,0,1,11286.06,12095.68,0.128,0.0,0.1071,1,11641.92,11870.06,0.163,0.0,0.1071,1,15963.14,16832.54,0.116,0.0,0.1071,1,17303.24,19036.09,0.151,0.0,0.1071,1,10511.77,11663.44,0.186,0.0,0.1429,1,9569.24,12357.98,0.186,0.0,0.1429,2,11106.82,13920.78,0.256,0.0,0.1429,1,6238.13,8169.02,0.21,0.0,0.1429,19.03609391493624,0.0
2026-05-21 03:34:47.041510,1.3,10,77.56,16.69,0,1,8017.72,10691.0,0.105,0.0,0.1071,2,16007.18,16089.62,0.117,0.0,0.1071,1,13804.94,15626.76,0.151,0.0,0.1071,1,12508.77,20118.23,0.186,0.0,0.1071,3,14261.83,18815.73,0.21,0.0,0.1429,1,14966.07,16830.29,0.198,0.0,0.1429,2,11817.45,13004.63,0.233,0.0,0.1429,1,12448.44,13041.71,0.198,0.0,0.1429,20.118228174480873,0.0
2026-05-21 03:34:48.089891,1.3,10,78.6,17.72,0,1,12695.32,14945.6,0.116,0.0,0.1071,1,15589.15,16914.49,0.209,0.0,0.1071,1,12276.18,12845.13,0.116,0.0,0.1071,1,9796.43,14817.67,0.116,0.0,0.1071,1,12220.75,17911.52,0.256,0.0,0.1429,1,10897.62,14321.99,0.163,0.0,0.1429,2,11560.23,17361.69,0.233,0.0,0.1429,2,11253.93,11722.41,0.186,0.0,0.1429,17.911519831715275,0.0
2026-05-21 03:34:49.117301,1.3,10,79.63,18.76,0,2,11664.69,12993.58,0.163,0.0,0.1071,1,18299.45,18708.25,0.152,0.0,0.1071,2,12006.55,13913.24,0.128,0.0,0.1071,2,13176.43,14694.7,0.117,0.0,0.1071,1,10480.72,13877.76,0.186,0.0,0.1429,2,12355.99,15383.9,0.221,0.0,0.1429,1,11790.37,15014.81,0.221,0.0,0.1429,2,10413.28,15276.02,0.21,0.0,0.1429,18.708245677875656,0.0
2026-05-21 03:34:50.156832,1.3,10,80.66,19.79,0,1,15395.91,15806.47,0.117,0.0,0.1071,2,24803.53,28749.57,0.186,0.0,0.1071,1,7701.87,8466.37,0.093,0.0,0.1071,2,14348.63,16521.21,0.163,0.0,0.1071,1,11635.22,14757.83,0.245,0.0,0.1429,2,15156.0,16356.97,0.175,0.0,0.1429,1,10475.51,11470.14,0.186,0.0,0.1429,2,11768.98,13488.91,0.233,0.0,0.1429,28.749573703362696,0.0
2026-05-21 03:34:51.200989,1.3,10,81.71,20.84,0,1,13888.17,14022.54,0.104,0.0,0.1071,1,15138.96,18175.67,0.174,0.0,0.1071,1,10255.56,10498.91,0.127,0.0,0.1071,1,14636.59,15728.66,0.151,0.0,0.1071,1,12200.67,14508.05,0.162,5.63,0.1429,1,9453.1,12903.89,0.22,0.0,0.1429,1,10518.55,10828.84,0.255,0.0,0.1429,1,9525.5,15338.37,0.209,4.21,0.1429,18.17567211100881,1.34
2026-05-21 03:34:52.234747,1.3,10,82.74,21.87,0,1,12378.85,15791.06,0.117,0.0,0.1071,1,15127.09,18322.2,0.128,0.0,0.1071,2,11907.87,14747.97,0.152,12.37,0.1071,1,15067.38,15408.3,0.163,5.21,0.1071,1,10150.6,13306.11,0.222,0.0,0.1429,2,11179.23,12980.27,0.187,4.84,0.1429,1,10632.97,11899.25,0.21,3.95,0.1429,1,10870.55,14435.81,0.245,0.0,0.1429,18.322201633302644,3.39
2026-05-21 03:34:53.298354,1.3,10,83.8,22.93,0,2,14149.26,23346.82,0.186,0.0,0.1071,1,13881.73,14854.96,0.128,0.0,0.1071,1,12115.16,15660.09,0.116,0.0,0.1071,2,12372.11,15278.59,0.175,0.0,0.1071,2,10635.98,13432.03,0.221,0.0,0.1429,2,10452.47,13515.58,0.186,0.0,0.1429,2,11531.79,14979.78,0.244,0.0,0.1429,1,13584.06,14666.24,0.221,0.0,0.1429,23.346818800122968,0.0
2026-05-21 03:34:54.342649,1.3,10,84.85,23.98,0,2,14225.38,21027.85,0.163,0.0,0.1071,1,11824.62,13163.09,0.117,0.0,0.1071,1,12983.75,17060.73,0.128,0.0,0.1071,2,10786.53,15863.38,0.152,0.0,0.1071,2,10264.99,15068.61,0.198,0.0,0.1429,2,12873.44,15959.57,0.21,0.0,0.1429,2,12078.64,17818.43,0.233,0.0,0.1429,2,10194.62,13984.97,0.198,0.0,0.1429,21.02784564003689,0.0
2026-05-21 03:34:55.378211,1.3,10,85.89,25.02,0,1,13524.41,16887.45,0.128,0.0,0.1071,1,10657.99,14727.53,0.175,0.0,0.1071,1,7239.72,8486.62,0.105,0.0,0.1071,2,14716.66,20287.81,0.151,0.0,0.1071,2,12016.4,15136.08,0.198,0.0,0.1429,1,10076.63,14027.87,0.21,0.0,0.1429,1,10757.29,13461.33,0.221,0.0,0.1429,2,12693.89,16362.19,0.21,0.0,0.1429,20.28781307069053,0.0
2026-05-21 03:34:56.418416,1.3,10,86.92,26.05,0,1,14587.42,22629.94,0.151,0.0,0.1071,1,13861.2,15093.96,0.128,0.0,0.1071,1,12368.12,15044.49,0.117,0.0,0.1071,1,13113.2,18642.94,0.163,0.0,0.1071,1,9246.92,10371.82,0.21,0.0,0.1429,1,9595.99,12235.96,0.186,0.0,0.1429,2,10297.19,13401.6,0.175,0.0,0.1429,1,10169.77,11401.16,0.268,0.0,0.1429,22.629936107603317,0.0
2026-05-21 03:34:57.454013,1.3,10,87.97,27.1,0,1,8362.73,11907.38,0.105,0.0,0.1071,1,13007.76,14098.59,0.198,0.0,0.1071,1,10284.14,11099.65,0.117,0.0,0.1071,1,8559.56,10231.78,0.14,0.0,0.1071,2,9916.18,11594.85,0.222,0.0,0.1429,2,10821.0,14041.99,0.175,0.0,0.1429,1,9431.86,12045.28,0.21,0.0,0.1429,1,11080.63,12731.75,0.233,0.0,0.1429,14.098587379968926,0.0
2026-05-21 03:34:58.493175,1.3,10,89.01,28.13,0,1,10874.52,12907.41,0.07,0.0,0.1071,2,13865.43,18034.98,0.163,0.0,0.1071,1,12378.44,13066.89,0.151,0.0,0.1071,1,12209.67,12740.73,0.174,0.0,0.1071,1,11337.75,13978.45,0.186,0.0,0.1429,2,11692.5,19308.1,0.151,0.0,0.1429,2,11913.46,13562.68,0.256,0.0,0.1429,2,14582.99,15095.82,0.244,0.0,0.1429,19.308096549793508,0.0
2026-05-21 03:34:59.540874,1.3,10,90.05,29.18,0,1,8800.06,14942.02,0.117,0.0,0.1071,3,10349.73,11667.09,0.152,0.0,0.1071,1,6209.03,7796.67,0.117,0.0,0.1071,1,13201.8,15368.72,0.175,0.0,0.1071,1,12525.83,13329.24,0.222,0.0,0.1429,1,13322.45,19302.43,0.21,0.0,0.1429,2,10382.94,11999.81,0.222,0.0,0.1429,1,12290.5,13578.35,0.187,4.51,0.1429,19.302428964938052,0.67
2026-05-21 03:35:00.589820,1.3,10,91.1,30.22,0,1,4905.22,8474.01,0.105,0.0,0.1071,1,10410.12,15647.23,0.128,0.0,0.1071,1,11538.81,14938.3,0.14,0.0,0.1071,1,12081.24,13467.02,0.198,0.0,0.1071,2,10612.85,14493.87,0.209,4.21,0.1429,2,10848.33,13960.43,0.209,0.0,0.1429,1,16171.28,17756.04,0.209,0.0,0.1429,2,10650.75,11859.6,0.221,0.0,0.1429,17.756041551475683,0.66
2026-05-21 03:35:01.890289,1.3,10,92.4,1.0,1,1,10752.16,12099.3,0.152,6.11,0.0938,1,11313.04,13713.67,0.128,0.0,0.0938,1,17806.74,19236.79,0.163,5.63,0.0938,2,17905.77,20790.4,0.256,0.0,0.0938,2,13196.65,21041.06,0.338,0.0,0.1562,2,19568.7,21747.63,0.291,2.78,0.1562,2,25757.58,26246.31,0.233,0.0,0.1562,1,22377.32,23982.48,0.233,0.0,0.1562,26.246312465442706,1.55
2026-05-21 03:35:02.957132,1.3,10,93.45,2.05,0,1,9466.85,15064.29,0.175,0.0,0.0938,1,11390.71,12983.1,0.093,0.0,0.0938,1,12743.82,13185.44,0.128,0.0,0.0938,1,14270.13,16261.12,0.198,0.0,0.0938,1,9555.5,13119.12,0.14,0.0,0.1562,2,13043.51,16213.69,0.245,0.0,0.1562,1,14500.48,15090.89,0.198,0.0,0.1562,1,14997.0,15489.74,0.268,0.0,0.1562,16.261121453118562,0.0
2026-05-21 03:35:03.995917,1.3,10,94.5,3.11,0,1,9686.75,11698.49,0.152,0.0,0.0938,1,12159.51,16289.83,0.117,0.0,0.0938,1,14228.65,15845.83,0.152,0.0,0.0938,2,13640.74,19354.34,0.14,0.0,0.0938,2,11508.15,13716.14,0.221,0.0,0.1562,2,12010.65,13467.81,0.221,0.0,0.1562,1,13191.14,13382.27,0.21,0.0,0.1562,1,9653.9,9813.62,0.186,0.0,0.1562,19.35433643593557,0.0
2026-05-21 03:35:05.041260,1.3,10,95.55,4.16,0,1,12313.33,13529.35,0.14,0.0,0.0938,1,13788.05,16289.25,0.151,0.0,0.0938,1,14856.09,17992.15,0.14,0.0,0.0938,1,9219.02,13153.5,0.128,0.0,0.0938,1,11025.74,14753.44,0.186,0.0,0.1562,1,12237.0,12923.34,0.198,0.0,0.1562,1,10514.94,14299.08,0.233,0.0,0.1562,2,11063.07,15604.29,0.221,0.0,0.1562,17.99214933350266,0.0
2026-05-21 03:35:06.078258,1.3,10,96.59,5.2,0,1,13224.5,13604.0,0.175,0.0,0.0938,1,15118.02,19980.87,0.152,0.0,0.0938,1,11143.93,14073.44,0.07,0.0,0.0938,1,12350.81,13541.65,0.163,0.0,0.0938,1,7977.42,9539.53,0.198,0.0,0.1562,1,7754.2,9423.8,0.187,0.0,0.1562,1,8125.88,11213.42,0.222,0.0,0.1562,1,8937.82,13457.19,0.233,0.0,0.1562,19.980874713697997,0.0
2026-05-21 03:35:07.130852,1.3,10,97.63,6.24,0,1,12533.95,13563.4,0.163,0.0,0.0938,1,21612.6,27265.86,0.14,0.0,0.0938,1,11164.28,12305.63,0.116,0.0,0.0938,1,12426.54,13730.9,0.14,0.0,0.0938,1,9565.43,11691.66,0.221,0.0,0.1562,1,8853.76,14995.94,0.209,4.21,0.1562,1,7376.96,11687.03,0.209,4.21,0.1562,2,13056.05,15807.66,0.209,4.21,0.1562,27.265862414109396,1.94
2026-05-21 03:35:08.188871,1.3,10,98.69,7.3,0,1,16453.28,17294.12,0.139,0.0,0.0938,1,11506.98,14185.06,0.105,9.0,0.0938,2,13972.48,15556.69,0.163,0.0,0.0938,1,14125.06,14529.67,0.174,0.0,0.0938,1,9866.83,11831.2,0.198,0.0,0.1562,1,8477.33,13742.98,0.256,0.0,0.1562,1,8235.89,11866.21,0.232,0.0,0.1562,1,10183.91,11589.7,0.209,0.0,0.1562,17.294120346292676,0.72
2026-05-21 03:35:09.251263,1.3,10,99.75,8.35,0,1,14518.29,18568.04,0.163,0.0,0.0938,1,13656.69,16399.12,0.175,0.0,0.0938,1,14136.65,15549.21,0.105,0.0,0.0938,1,12543.72,14379.4,0.14,0.0,0.0938,1,10650.25,14126.36,0.233,0.0,0.1562,1,9303.1,12093.09,0.198,0.0,0.1562,1,8236.67,9341.16,0.186,0.0,0.1562,2,11618.27,13156.51,0.221,0.0,0.1562,18.568036103887803,0.0
2026-05-21 03:35:10.299674,1.3,10,100.81,9.41,0,1,14817.69,19697.11,0.105,0.0,0.0938,1,11353.21,17421.74,0.151,0.0,0.0938,1,10879.79,14832.96,0.163,0.0,0.0938,1,13645.02,14208.32,0.139,0.0,0.0938,1,10057.17,11508.81,0.197,0.0,0.1562,2,15440.63,16400.83,0.186,0.0,0.1562,1,9354.8,9698.05,0.174,0.0,0.1562,2,10694.78,15052.45,0.279,0.0,0.1562,19.69711083116634,0.0
2026-05-21 03:35:11.339005,1.3,10,101.86,10.46,0,1,11726.01,13222.03,0.14,0.0,0.0938,1,11600.86,13990.52,0.14,0.0,0.0938,1,11630.34,13088.59,0.128,0.0,0.0938,1,16036.2,16217.1,0.152,0.0,0.0938,1,6870.65,7436.34,0.198,0.0,0.1562,2,12395.89,15460.15,0.221,0.0,0.1562,1,7354.34,10616.41,0.186,0.0,0.1562,1,8900.83,12268.94,0.233,0.0,0.1562,16.217096050178537,0.0
2026-05-21 03:35:12.372886,1.3,10,102.88,11.49,0,1,12414.8,15646.81,0.128,0.0,0.0938,1,7712.46,10259.86,0.117,0.0,0.0938,1,13522.2,16121.98,0.175,0.0,0.0938,1,14030.56,14096.73,0.14,0.0,0.0938,1,10389.1,11097.8,0.222,0.0,0.1562,1,10335.87,13417.44,0.233,0.0,0.1562,1,8544.1,10395.62,0.222,0.0,0.1562,1,9365.75,15544.28,0.163,0.0,0.1562,16.121976589259237,0.0
2026-05-21 03:35:13.411868,1.3,10,103.93,12.53,0,1,12263.04,13735.94,0.116,0.0,0.0938,1,9241.64,10649.86,0.104,0.0,0.0938,1,13311.36,15392.59,0.162,0.0,0.0938,1,10881.57,11278.02,0.174,0.0,0.0938,1,7192.13,8691.34,0.128,0.0,0.1562,1,8648.26,13163.73,0.232,0.0,0.1562,2,9907.63,12116.49,0.22,0.0,0.1562,1,10153.43,13357.98,0.255,0.0,0.1562,15.39259297677777,0.0
2026-05-21 03:35:14.440585,1.3,10,104.95,13.56,0,1,12783.81,14162.28,0.105,0.0,0.0938,2,19880.49,21882.16,0.198,0.0,0.0938,1,17308.11,17945.08,0.128,0.0,0.0938,1,18944.47,19435.11,0.128,0.0,0.0938,2,16693.14,18798.4,0.222,0.0,0.1562,2,20010.48,26119.52,0.187,0.0,0.1562,2,14744.19,20096.85,0.21,0.0,0.1562,1,16453.13,19964.6,0.222,0.0,0.1562,26.11952001004804,0.0
2026-05-21 03:35:15.489353,1.3,10,105.98,14.59,0,2,5091.64,6023.18,0.058,0.0,0.0938,1,15041.75,15987.35,0.163,0.0,0.0938,1,15337.53,18080.12,0.152,0.0,0.0938,1,15620.54,16623.13,0.198,0.0,0.0938,1,14067.34,17453.42,0.198,0.0,0.1562,2,13072.44,15838.26,0.257,0.0,0.1562,1,7459.16,10208.75,0.187,4.84,0.1562,1,11775.64,16080.58,0.245,0.0,0.1562,18.080123367909998,0.65
2026-05-21 03:35:16.545751,1.3,10,107.06,15.66,0,1,8812.39,10589.16,0.116,0.0,0.0938,1,14111.62,14407.2,0.162,0.0,0.0938,1,12549.06,16143.14,0.162,0.0,0.0938,1,8405.26,10069.64,0.139,0.0,0.0938,2,11177.5,12806.53,0.197,0.0,0.1562,2,12029.13,13327.18,0.244,0.0,0.1562,2,9465.25,13907.03,0.244,0.0,0.1562,2,11518.99,19383.47,0.174,0.0,0.1562,19.38347357402369,0.0
2026-05-21 03:35:17.598460,1.3,10,108.1,16.7,0,1,7200.02,10334.25,0.128,0.0,0.0938,1,13280.99,17809.76,0.163,0.0,0.0938,1,10803.92,12072.54,0.139,0.0,0.0938,1,12672.28,13484.49,0.128,0.0,0.0938,1,9859.05,13408.16,0.244,0.0,0.1562,1,10888.74,13987.15,0.174,0.0,0.1562,2,9624.67,15444.91,0.244,0.0,0.1562,1,9345.5,13727.84,0.174,0.0,0.1562,17.80976124050687,0.0
2026-05-21 03:35:18.635295,1.3,10,109.15,17.75,0,1,11635.21,15364.27,0.198,0.0,0.0938,1,14207.8,17408.13,0.163,0.0,0.0938,1,15037.58,16359.66,0.128,0.0,0.0938,1,7208.58,8052.15,0.082,0.0,0.0938,1,7738.02,10132.75,0.151,0.0,0.1562,1,8852.62,11448.15,0.245,0.0,0.1562,1,7978.5,12474.17,0.221,0.0,0.1562,1,10817.95,12145.25,0.221,0.0,0.1562,17.40812837215206,0.0
2026-05-21 03:35:19.669542,1.3,10,110.18,18.78,0,1,13424.96,14559.08,0.117,0.0,0.0938,1,15181.64,22263.94,0.151,0.0,0.0938,1,9205.47,12712.2,0.163,0.0,0.0938,1,11847.08,12112.74,0.128,0.0,0.0938,1,8537.4,10226.72,0.14,0.0,0.1562,1,13674.49,16840.14,0.198,0.0,0.1562,2,12033.95,16154.65,0.221,0.0,0.1562,2,12110.18,20296.58,0.28,0.0,0.1562,22.263938511645616,0.0
2026-05-21 03:35:20.710213,1.3,10,111.22,19.82,0,1,14115.89,14468.02,0.14,0.0,0.0938,1,6031.49,8777.78,0.116,0.0,0.0938,1,11591.44,14143.56,0.128,0.0,0.0938,1,13872.12,20243.42,0.175,0.0,0.0938,1,9354.72,10534.22,0.233,0.0,0.1562,1,9610.65,14232.54,0.175,0.0,0.1562,1,9411.79,13034.3,0.233,0.0,0.1562,1,10710.76,13178.57,0.198,0.0,0.1562,20.243423279977556,0.0
2026-05-21 03:35:21.760371,1.3,10,112.27,20.87,0,1,7472.97,8089.61,0.093,0.0,0.0938,1,11837.65,12672.73,0.175,0.0,0.0938,1,9694.83,13518.07,0.163,0.0,0.0938,1,14266.14,16322.43,0.128,0.0,0.0938,2,9072.82,12515.07,0.187,0.0,0.1562,1,8928.39,10643.26,0.233,0.0,0.1562,1,6629.44,7930.39,0.198,0.0,0.1562,1,8916.13,10694.57,0.222,0.0,0.1562,16.322426983993267,0.0
2026-05-21 03:35:22.803734,1.3,10,113.32,21.92,0,1,10221.89,15788.48,0.163,0.0,0.0938,1,9445.29,13862.22,0.152,0.0,0.0938,1,11626.95,12797.02,0.117,0.0,0.0938,1,12152.04,12781.53,0.128,0.0,0.0938,2,10988.84,14120.82,0.198,0.0,0.1562,1,9857.02,10384.08,0.187,0.0,0.1562,1,7901.73,10361.92,0.233,0.0,0.1562,1,7374.64,12195.67,0.233,0.0,0.1562,15.78848221933092,0.0
2026-05-21 03:35:23.845963,1.3,10,114.36,22.96,0,1,8674.27,11677.74,0.175,0.0,0.0938,1,12936.69,18039.67,0.117,0.0,0.0938,1,14109.88,16445.41,0.152,0.0,0.0938,1,14056.01,14964.46,0.117,0.0,0.0938,1,7334.25,9790.75,0.245,0.0,0.1562,1,10565.41,12021.32,0.222,0.0,0.1562,2,9810.82,12111.27,0.198,0.0,0.1562,1,5615.09,10462.0,0.175,5.21,0.1562,18.03966610194433,0.69
2026-05-21 03:35:24.881078,1.3,10,115.39,24.0,0,1,6974.48,7902.12,0.105,0.0,0.0938,1,11538.31,13081.1,0.152,0.0,0.0938,1,12081.37,13001.82,0.152,6.11,0.0938,1,10455.9,12649.94,0.152,0.0,0.0938,1,9393.48,10929.12,0.21,0.0,0.1562,1,11020.12,13517.7,0.175,0.0,0.1562,1,11027.55,12081.68,0.233,0.0,0.1562,1,7168.33,8633.6,0.245,0.0,0.1562,13.517697099369906,0.7
2026-05-21 03:35:25.936687,1.3,10,116.44,25.04,0,1,12207.34,13630.84,0.187,0.0,0.0938,1,12980.09,15421.83,0.14,0.0,0.0938,1,7370.11,8395.95,0.128,0.0,0.0938,1,12201.77,13166.58,0.14,0.0,0.0938,1,9212.54,9687.94,0.268,3.1,0.1562,1,5898.84,7340.41,0.187,0.0,0.1562,1,9062.26,14331.0,0.21,0.0,0.1562,2,11601.9,14728.08,0.198,0.0,0.1562,15.42182994917499,0.6
2026-05-21 03:35:26.977700,1.3,10,117.48,26.09,0,1,12410.8,12901.55,0.187,0.0,0.0938,1,14069.93,16142.95,0.14,0.0,0.0938,1,11793.33,12114.38,0.14,0.0,0.0938,1,16287.13,16590.57,0.105,0.0,0.0938,1,10253.76,12039.28,0.256,0.0,0.1562,2,10607.85,13061.92,0.128,0.0,0.1562,2,9578.68,12914.2,0.21,0.0,0.1562,2,12688.37,14994.02,0.256,0.0,0.1562,16.5905743775711,0.0
2026-05-21 03:35:28.028921,1.3,10,118.53,27.14,0,1,6737.44,7029.57,0.093,0.0,0.0938,1,11344.88,18148.48,0.175,0.0,0.0938,1,11796.6,16529.72,0.187,0.0,0.0938,1,15202.74,15550.67,0.105,0.0,0.0938,1,8855.33,13502.08,0.222,0.0,0.1562,2,11534.06,17761.08,0.268,0.0,0.1562,1,9381.5,14526.16,0.14,0.0,0.1562,1,11986.71,12690.31,0.21,0.0,0.1562,18.148484695425747,0.0
2026-05-21 03:35:29.156429,1.3,10,119.57,28.18,0,1,17861.53,17965.97,0.163,0.0,0.0938,1,13555.56,16964.45,0.163,0.0,0.0938,1,13763.18,15218.81,0.152,0.0,0.0938,1,15735.62,15856.1,0.128,0.0,0.0938,2,9320.6,14257.33,0.222,0.0,0.1562,1,10004.52,12686.02,0.198,0.0,0.1562,2,14505.15,16683.45,0.222,0.0,0.1562,2,9373.81,13138.09,0.268,0.0,0.1562,17.965969599537893,0.0
2026-05-21 03:35:30.181013,1.3,10,120.7,29.3,0,1,17151.36,17193.89,0.093,0.0,0.0938,1,11507.67,12552.03,0.093,0.0,0.0938,1,9607.85,10055.04,0.035,0.0,0.0938,1,10553.79,10835.63,0.058,0.0,0.0938,2,12177.58,14458.7,0.154,0.0,0.1562,1,7778.15,9364.51,0.107,0.0,0.1562,1,10755.15,11430.33,0.133,0.0,0.1562,1,6559.24,9290.13,0.047,0.0,0.1562,17.193890879861367,0.0
2026-05-21 03:35:31.200988,1.3,10,121.72,30.32,0,0,5145.41,5158.17,0.0,0.0,0.0938,0,3452.3,3765.61,0.0,0.0,0.0938,0,2882.36,3016.51,0.0,0.0,0.0938,0,3166.14,3250.69,0.0,0.0,0.0938,0,3653.27,4337.61,0.0,0.0,0.1562,0,2333.45,2809.35,0.0,0.0,0.1562,0,3226.54,3429.1,0.0,0.0,0.1562,0,1967.77,2787.04,0.0,0.0,0.1562,5.15816726395841,0.0
