timestamp,port2_qdepth,port3_qdepth,port4_qdepth,port5_qdepth,port2_mbps,port3_mbps,port4_mbps,port5_mbps,jitter_ms,loss_pct
1.0,1,4,2,5,0.153,0.117,0.244,0.017,-1.0,-1.0
2.1,0,0,1,0,0.004,0.003,0.161,0.0,0.0,0.0
3.1,0,0,1,0,0.0,0.0,771.646,0.0,2.28,0.0
4.1,0,0,1,0,0.0,0.0,986.403,0.0,2.28,0.0
5.1,0,0,1,0,0.0,0.0,27.882,0.0,2.2,0.0
6.2,0,0,1,0,0.0,0.0,772.483,0.0,2.14,0.0
7.2,0,0,1,0,0.0,0.0,21.967,0.0,2.14,0.0
8.2,1,0,1,0,0.222,0.0,1.065,0.0,2.05,0.0
9.3,1,1,1,0,964.558,964.552,964.582,0.0,4.04,0.0
10.3,0,0,1,0,27.246,27.246,27.297,0.0,4.04,0.0
11.3,0,0,1,0,0.77,0.77,1.03,0.0,5.92,0.0
12.3,0,0,1,0,0.022,0.022,0.106,0.0,5.55,0.0
13.4,0,0,1,0,0.001,0.001,0.186,0.0,5.55,0.0
14.4,0,0,1,0,0.0,0.0,0.161,0.0,5.22,0.0
15.4,0,0,1,0,0.0,0.0,1286.074,0.0,4.9,0.0
16.4,1,1,1,0,0.052,0.037,36.418,0.0,4.9,0.0
17.5,0,0,1,0,0.001,0.001,1.238,0.0,6.83,0.0
18.5,0,0,1,0,0.0,0.0,0.144,0.0,8.64,0.0
19.5,0,0,1,0,0.0,0.0,0.022,0.0,8.64,0.0
20.5,0,0,1,0,0.0,0.0,551.282,0.0,7.62,0.0
21.6,0,0,1,0,0.0,0.0,15.591,0.0,7.62,0.0
22.6,0,0,1,0,0.0,0.0,0.496,0.0,7.15,0.0
23.6,1,1,1,0,0.219,0.109,0.309,0.0,8.82,0.0
24.6,0,0,1,0,0.006,0.003,0.231,0.0,8.82,0.0
25.7,0,0,1,0,0.0,0.0,0.019,0.0,10.39,0.0
26.7,0,0,1,0,0.0,0.0,0.089,0.0,9.75,0.0
27.7,0,0,1,0,0.0,0.0,0.029,0.0,9.75,0.0
28.8,0,0,1,0,0.0,0.0,0.09,0.0,9.17,0.0
29.8,0,0,1,0,0.0,0.0,0.212,0.0,8.69,0.0
30.8,0,0,0,0,0.0,0.0,0.006,0.0,8.69,0.0
31.8,1,1,1,0,964.565,0.013,1929.117,0.0,10.23,0.0
32.9,0,0,1,0,27.247,0.0,54.564,0.0,11.66,0.0
33.9,0,0,1,0,0.77,0.0,1.595,0.0,11.66,0.0
34.9,0,0,1,0,0.022,0.0,771.796,0.0,11.01,0.0
35.9,0,0,1,0,0.001,0.0,22.06,0.0,10.32,0.0
37.0,0,0,1,0,0.0,0.0,0.845,0.0,10.32,0.0
38.0,0,0,1,0,0.0,0.0,0.037,0.0,9.69,0.0
39.0,1,1,1,0,0.074,0.053,0.128,0.0,11.3,0.0
40.1,0,0,1,0,0.002,0.001,0.234,0.0,11.3,0.0
41.1,0,0,1,0,0.0,0.0,0.163,0.0,12.79,0.0
42.1,0,0,1,0,0.0,0.0,0.031,0.0,11.99,0.0
43.1,0,0,1,0,0.0,0.0,964.709,0.0,11.99,0.0
44.2,0,0,1,0,0.0,0.0,27.277,0.0,11.25,0.0
45.2,0,0,1,0,0.0,0.0,0.85,0.0,10.55,0.0
46.2,1,1,1,0,0.264,0.156,0.444,0.0,10.55,0.0
47.2,0,0,0,0,0.007,0.004,0.013,0.0,12.04,0.0
48.3,0,0,1,0,0.0,0.0,964.571,0.0,13.45,0.0
49.3,0,0,1,0,0.0,0.0,27.374,0.0,13.45,0.0
50.3,0,0,1,0,0.0,0.0,0.81,0.0,12.63,0.0
51.3,0,0,1,0,0.0,0.0,0.117,0.0,11.86,0.0
52.4,0,0,1,0,0.0,0.0,0.302,0.0,11.86,0.0
53.4,0,0,0,0,0.0,0.0,0.009,0.0,11.13,0.0
54.4,1,1,1,0,0.031,0.018,0.044,0.0,12.57,0.0
55.4,0,0,1,0,0.001,0.001,0.104,0.0,12.57,0.0
56.5,0,0,1,0,0.0,0.0,0.08,0.0,13.96,0.0
57.5,0,0,1,0,0.0,0.0,0.171,0.0,13.1,0.0
58.5,0,0,1,0,0.0,0.0,0.058,0.0,13.1,0.0
59.5,0,0,1,0,0.0,0.0,1286.071,0.0,12.35,0.0
60.6,0,0,1,0,0.0,0.0,679.381,0.0,12.35,0.0
61.6,1,1,1,0,0.107,0.076,19.374,0.0,12.96,0.0
62.6,0,0,1,0,0.003,0.002,0.877,0.0,12.96,0.0
63.7,0,0,1,0,0.0,0.0,0.247,0.0,14.29,0.0
64.7,0,0,1,0,0.0,0.0,0.044,0.0,13.42,0.0
65.7,0,0,1,0,0.0,0.0,0.234,0.0,13.42,0.0
66.7,0,0,1,0,0.0,0.0,0.044,0.0,12.62,0.0
67.8,0,0,1,0,0.0,0.0,0.115,0.0,11.83,0.0
68.8,1,1,1,0,0.374,0.221,0.598,0.0,11.83,0.0
69.8,0,0,0,0,0.011,0.006,0.017,0.0,13.35,0.0
70.9,0,0,1,0,0.0,0.0,482.302,0.0,14.66,0.0
71.9,0,0,1,0,0.0,0.0,13.751,0.0,14.66,0.0
72.9,0,0,1,0,0.0,0.0,0.442,0.0,13.87,0.0
73.9,0,0,1,0,0.0,0.0,0.14,0.0,13.04,0.0
75.0,0,0,1,0,0.0,0.0,0.333,0.0,13.04,0.0
76.0,0,0,0,0,0.0,0.0,0.009,0.0,12.34,0.0
77.0,1,1,1,0,0.037,0.026,0.056,0.0,13.61,0.0
78.1,0,0,1,0,0.001,0.001,0.113,0.0,13.61,0.0
79.1,0,0,1,0,0.0,0.0,0.078,0.0,14.85,0.0
80.2,0,0,1,0,0.0,0.0,0.168,0.0,14.02,0.0
81.2,0,0,1,0,0.0,0.0,0.057,0.0,14.02,0.0
82.2,0,0,1,0,0.0,0.0,428.691,0.0,13.2,0.0
83.3,0,0,1,0,0.0,0.0,655.162,0.0,12.4,0.0
84.3,1,1,1,0,0.09,0.053,18.649,0.0,12.4,0.0
85.3,0,0,1,0,0.003,0.001,0.856,0.0,13.61,0.0
86.4,0,0,1,0,0.0,0.0,0.243,0.0,14.71,0.0
87.4,0,0,1,0,0.0,0.0,0.044,0.0,14.71,0.0
88.4,0,0,1,0,0.0,0.0,0.169,0.0,13.95,0.0
89.5,0,0,1,0,0.0,0.0,0.031,0.0,13.13,0.0
90.5,0,0,1,0,0.0,0.0,0.081,0.0,13.13,0.0
91.5,1,1,1,0,0.306,0.221,0.529,0.0,12.41,0.0
92.5,0,0,0,0,0.009,0.006,0.015,0.0,13.95,0.0
93.6,0,0,1,0,0.0,0.0,643.061,0.0,15.28,0.0
94.6,0,0,1,0,0.0,0.0,18.291,0.0,14.34,0.0
95.6,0,0,1,0,0.0,0.0,0.571,0.0,14.34,0.0
96.7,0,0,1,0,0.0,0.0,0.142,0.0,13.44,0.0
97.7,0,0,1,0,0.0,0.0,0.336,0.0,12.65,0.0
98.7,0,0,0,0,0.0,0.0,0.009,0.0,12.65,0.0
99.7,1,1,1,0,0.031,0.018,0.049,0.0,14.15,0.0
100.8,0,0,1,0,0.001,0.001,0.115,0.0,15.47,0.0
101.8,0,0,1,0,0.0,0.0,0.079,0.0,15.47,0.0
102.8,0,0,1,0,0.0,0.0,0.17,0.0,14.61,0.0
103.9,0,0,1,0,0.0,0.0,0.058,0.0,13.71,0.0
104.9,0,0,1,0,0.0,0.0,964.554,0.0,13.71,0.0
105.9,0,0,1,0,0.0,0.0,670.307,0.0,12.86,0.0
106.9,1,1,1,0,0.13,0.076,19.118,0.0,14.2,0.0
108.0,0,0,1,0,0.004,0.002,0.872,0.0,14.2,0.0
109.0,0,0,1,0,0.0,0.0,0.247,0.0,15.46,0.0
110.0,0,0,1,0,0.0,0.0,0.044,0.0,14.5,0.0
111.0,0,0,1,0,0.0,0.0,0.241,0.0,14.5,0.0
112.1,0,0,1,0,0.0,0.0,0.044,0.0,13.62,0.0
113.1,0,0,1,0,0.0,0.0,0.115,0.0,12.77,0.0
114.1,1,1,1,0,0.445,0.222,0.603,0.0,12.77,0.0
115.1,0,0,0,0,0.013,0.006,0.017,0.0,14.12,0.0
116.2,0,0,1,0,0.0,0.0,0.039,0.0,15.36,0.0
117.2,0,0,1,0,0.0,0.0,0.183,0.0,15.36,0.0
118.2,0,0,1,0,0.0,0.0,0.058,0.0,14.43,0.0
119.3,0,0,1,0,0.0,0.0,0.137,0.0,13.57,0.0
120.3,0,0,1,0,0.0,0.0,0.113,0.0,13.57,0.0
121.3,0,0,1,0,0.0,0.0,964.555,0.0,12.74,0.0
122.3,1,1,1,0,0.044,0.026,27.309,0.0,12.74,0.0
123.4,0,0,1,0,0.001,0.001,0.918,0.0,14.17,0.0
124.4,0,0,1,0,0.0,0.0,0.135,0.0,15.5,0.0
125.4,0,0,1,0,0.0,0.0,0.244,0.0,15.5,0.0
126.4,0,0,1,0,0.0,0.0,0.083,0.0,14.54,0.0
127.5,0,0,1,0,0.0,0.0,0.015,0.0,13.63,0.0
128.5,0,0,1,0,0.0,0.0,0.039,0.0,13.63,0.0
129.5,1,1,1,0,0.154,0.109,0.264,0.0,14.13,0.0
130.5,0,0,1,0,0.004,0.003,0.164,0.0,14.13,0.0
131.6,0,0,1,0,0.0,0.0,0.017,0.0,15.4,0.0
132.6,0,0,1,0,0.0,0.0,643.089,0.0,14.46,0.0
133.6,0,0,1,0,0.0,0.0,18.192,0.0,14.46,0.0
134.6,0,0,1,0,0.0,0.0,1286.636,0.0,13.55,0.0
135.7,0,0,1,0,0.0,0.0,36.507,0.0,12.79,0.0
136.7,0,0,0,0,0.0,0.0,1.031,0.0,12.79,0.0
137.7,1,1,1,0,964.552,0.013,964.594,0.0,14.04,0.0
138.7,0,0,1,0,27.246,0.0,27.303,0.0,15.3,0.0
139.7,0,0,1,0,0.77,0.0,1.031,0.0,15.3,0.0
140.8,0,0,1,0,0.022,0.0,0.138,0.0,14.35,0.0
141.8,0,0,1,0,0.001,0.0,0.265,0.0,13.46,0.0
142.8,0,0,1,0,0.0,0.0,0.229,0.0,13.46,0.0
143.8,0,0,1,0,0.0,0.0,0.019,0.0,12.62,0.0
144.9,1,1,1,0,0.075,0.037,0.101,0.0,13.98,0.0
145.9,0,0,1,0,0.002,0.001,0.235,0.0,13.98,0.0
146.9,0,0,1,0,0.0,0.0,0.162,0.0,15.25,0.0
147.9,0,0,1,0,0.0,0.0,0.031,0.0,14.31,0.0
149.0,0,0,1,0,0.0,0.0,643.191,0.0,14.31,0.0
150.0,0,0,1,0,0.0,0.0,18.195,0.0,13.43,0.0
151.0,0,0,1,0,0.0,0.0,0.594,0.0,12.59,0.0
152.0,1,1,1,0,0.265,0.156,0.437,0.0,12.59,0.0
153.1,0,0,0,0,0.007,0.004,0.012,0.0,13.97,0.0
154.1,0,0,1,0,0.0,0.0,964.571,0.0,15.26,0.0
155.1,0,0,1,0,0.0,0.0,27.374,0.0,15.26,0.0
156.1,0,0,1,0,0.0,0.0,0.811,0.0,14.31,0.0
157.1,0,0,1,0,0.0,0.0,0.151,0.0,13.41,0.0
158.2,0,0,1,0,0.0,0.0,0.304,0.0,13.41,0.0
159.2,0,0,0,0,0.0,0.0,0.009,0.0,12.58,0.0
160.2,1,1,1,0,0.031,0.018,0.05,0.0,13.93,0.0
161.2,0,0,1,0,0.001,0.001,0.115,0.0,13.93,0.0
162.3,0,0,1,0,0.0,0.0,0.08,0.0,15.19,0.0
163.3,0,0,1,0,0.0,0.0,0.171,0.0,14.24,0.0
164.3,0,0,1,0,0.0,0.0,0.081,0.0,14.24,0.0
165.3,0,0,1,0,0.0,0.0,643.037,0.0,13.36,0.0
166.3,0,0,1,0,0.0,0.0,661.225,0.0,12.53,0.0
167.4,1,1,1,0,0.13,0.077,18.862,0.0,12.53,0.0
168.4,0,0,1,0,0.004,0.002,0.641,0.0,13.88,0.0
169.4,0,0,1,0,0.0,0.0,771.66,0.0,15.13,0.0
170.4,0,0,1,0,0.0,0.0,1950.955,0.0,15.13,0.0
171.5,0,0,1,0,0.0,0.0,55.351,0.0,14.19,0.0
172.5,0,0,1,0,0.0,0.0,1.601,0.0,13.31,0.0
173.5,0,0,1,0,0.0,0.0,0.192,0.0,13.31,0.0
174.5,1,0,1,0,0.223,0.0,0.45,0.0,12.5,0.0
175.6,1,1,1,0,964.558,964.552,964.565,0.0,13.84,0.0
176.6,0,0,1,0,27.246,27.246,27.297,0.0,15.12,0.0
177.6,0,0,1,0,0.77,0.77,0.953,0.0,14.19,0.0
178.6,0,0,1,0,0.022,0.022,0.103,0.0,14.19,0.0
179.7,0,0,1,0,0.001,0.001,0.185,0.0,13.3,0.0
180.7,0,0,1,0,0.0,0.0,0.161,0.0,12.47,0.0
181.7,0,0,1,0,0.0,0.0,1286.074,0.0,12.47,0.0
182.7,1,1,1,0,0.052,0.038,36.418,0.0,13.83,0.0
183.8,0,0,1,0,0.001,0.001,1.191,0.0,15.11,0.0
184.8,0,0,1,0,0.0,0.0,0.143,0.0,15.11,0.0
185.8,0,0,1,0,0.0,0.0,0.022,0.0,14.19,0.0
186.8,0,0,1,0,0.0,0.0,1286.179,0.0,13.3,0.0
187.9,0,0,1,0,0.0,0.0,36.35,0.0,13.3,0.0
188.9,0,0,1,0,0.0,0.0,1.082,0.0,12.47,0.0
189.9,1,1,1,0,0.218,0.109,0.325,0.0,12.47,0.0
190.9,0,0,1,0,0.006,0.003,0.232,0.0,13.83,0.0
192.0,0,0,1,0,0.0,0.0,0.019,0.0,15.1,0.0
193.0,0,0,1,0,0.0,0.0,0.09,0.0,15.1,0.0
194.0,0,0,1,0,0.0,0.0,0.029,0.0,14.16,0.0
195.0,0,0,1,0,0.0,0.0,0.09,0.0,13.28,0.0
196.1,0,0,1,0,0.0,0.0,0.211,0.0,13.28,0.0
197.1,0,0,0,0,0.0,0.0,0.006,0.0,12.45,0.0
198.1,1,1,1,0,964.565,0.013,964.578,0.0,13.82,0.0
199.1,0,0,1,0,27.247,0.0,27.319,0.0,13.82,0.0
200.1,0,0,1,0,0.77,0.0,0.825,0.0,15.11,0.0
201.2,0,0,1,0,0.022,0.0,1286.202,0.0,14.16,0.0
202.2,0,0,1,0,0.001,0.0,36.608,0.0,14.16,0.0
203.2,0,0,1,0,0.0,0.0,1.256,0.0,13.28,0.0
204.2,0,0,1,0,0.0,0.0,0.054,0.0,12.46,0.0
205.3,1,1,1,0,0.091,0.053,0.13,0.0,12.46,0.0
206.3,0,0,1,0,0.003,0.002,0.302,0.0,13.83,0.0
207.3,0,0,1,0,0.0,0.0,0.231,0.0,15.1,0.0
208.3,0,0,1,0,0.0,0.0,0.044,0.0,15.1,0.0
209.4,0,0,1,0,0.0,0.0,0.169,0.0,14.16,0.0
210.4,0,0,1,0,0.0,0.0,0.031,0.0,13.28,0.0
211.4,0,0,1,0,0.0,0.0,0.103,0.0,13.28,0.0
212.4,1,1,1,0,0.378,0.222,0.537,0.0,12.47,0.0
213.5,0,0,0,0,0.011,0.006,0.015,0.0,13.81,0.0
214.5,0,0,1,0,0.0,0.0,1286.096,0.0,13.81,0.0
215.5,0,0,1,0,0.0,0.0,36.511,0.0,15.09,0.0
216.5,0,0,1,0,0.0,0.0,1.085,0.0,14.15,0.0
217.5,0,0,1,0,0.0,0.0,0.158,0.0,14.15,0.0
218.6,0,0,1,0,0.0,0.0,0.336,0.0,12.44,0.0
219.6,0,0,0,0,0.0,0.0,0.009,0.0,12.44,0.0
220.6,1,1,1,0,0.037,0.026,0.063,0.0,13.79,0.0
221.6,0,0,1,0,0.001,0.001,0.148,0.0,15.06,0.0
222.7,0,0,1,0,0.0,0.0,0.08,0.0,15.06,0.0
223.7,0,0,1,0,0.0,0.0,0.238,0.0,14.13,0.0
224.7,0,0,1,0,0.0,0.0,0.083,0.0,13.26,0.0
225.7,0,0,1,0,0.0,0.0,0.015,0.0,13.26,0.0
226.8,0,0,1,0,0.0,0.0,0.039,0.0,12.43,0.0
227.8,1,1,1,0,0.152,0.076,0.23,0.0,13.79,0.0
228.8,0,0,1,0,0.004,0.002,0.162,0.0,13.79,0.0
229.9,0,0,1,0,0.0,0.0,771.646,0.0,15.06,0.0
230.9,0,0,1,0,0.0,0.0,986.403,0.0,14.12,0.0
231.9,0,0,1,0,0.0,0.0,27.882,0.0,14.12,0.0
232.9,0,0,1,0,0.0,0.0,965.393,0.0,13.24,0.0
233.9,0,0,1,0,0.0,0.0,27.432,0.0,12.42,0.0
235.0,1,0,1,0,0.222,0.0,0.997,0.0,12.42,0.0
236.0,1,1,1,0,964.558,964.552,1929.132,0.0,13.78,0.0
237.0,0,0,1,0,27.246,27.246,54.549,0.0,15.05,0.0
238.0,0,0,1,0,0.77,0.77,1.802,0.0,15.05,0.0
239.1,0,0,1,0,0.022,0.022,0.127,0.0,14.13,0.0
240.1,0,0,1,0,0.001,0.001,0.197,0.0,13.26,0.0
241.1,0,0,1,0,0.0,0.0,0.162,0.0,13.26,0.0
242.1,0,0,1,0,0.0,0.0,0.017,0.0,12.47,0.0
243.2,1,1,1,0,0.064,0.037,0.09,0.0,13.8,0.0
244.2,0,0,1,0,0.002,0.001,0.21,0.0,13.8,0.0
245.2,0,0,1,0,0.0,0.0,0.162,0.0,15.04,0.0
246.2,0,0,1,0,0.0,0.0,0.031,0.0,14.13,0.0
247.3,0,0,1,0,0.0,0.0,964.662,0.0,14.13,0.0
248.3,0,0,1,0,0.0,0.0,27.268,0.0,13.25,0.0
249.3,0,0,1,0,0.0,0.0,0.826,0.0,12.45,0.0
250.3,1,1,1,0,0.265,0.156,0.397,0.0,12.45,0.0
251.4,0,0,1,0,0.007,0.004,0.234,0.0,13.83,0.0
252.4,0,0,1,0,0.0,0.0,0.025,0.0,15.16,0.0
253.4,0,0,1,0,0.0,0.0,0.09,0.0,15.16,0.0
254.4,0,0,1,0,0.0,0.0,0.04,0.0,14.21,0.0
255.5,0,0,1,0,0.0,0.0,0.09,0.0,14.21,0.0
256.5,0,0,1,0,0.0,0.0,0.235,0.0,13.33,0.0
257.5,0,0,0,0,0.0,0.0,0.007,0.0,12.5,0.0
258.5,1,1,1,0,0.026,0.018,0.039,0.0,13.86,0.0
259.6,0,0,1,0,0.001,0.001,0.081,0.0,15.12,0.0
260.6,0,0,1,0,0.0,0.0,0.055,0.0,15.12,0.0
261.6,0,0,1,0,0.0,0.0,964.663,0.0,14.19,0.0
262.6,0,0,1,0,0.0,0.0,27.303,0.0,13.3,0.0
263.7,0,0,1,0,0.0,0.0,643.806,0.0,13.3,0.0
264.7,0,0,1,0,0.0,0.0,789.846,0.0,12.48,0.0
265.7,1,1,1,0,0.091,0.054,22.456,0.0,13.83,0.0
266.7,0,0,1,0,0.003,0.002,0.967,0.0,13.83,0.0
267.8,0,0,1,0,0.0,0.0,0.249,0.0,15.1,0.0
268.8,0,0,1,0,0.0,0.0,0.044,0.0,14.17,0.0
269.8,0,0,1,0,0.0,0.0,0.237,0.0,14.17,0.0
270.8,0,0,1,0,0.0,0.0,0.044,0.0,13.29,0.0
271.9,0,0,1,0,0.0,0.0,0.104,0.0,12.46,0.0
272.9,1,1,1,0,0.379,0.223,0.605,0.0,12.46,0.0
273.9,0,0,0,0,0.011,0.006,0.017,0.0,13.84,0.0
274.9,0,0,1,0,0.0,0.0,1286.096,0.0,15.12,0.0
275.9,0,0,1,0,0.0,0.0,36.511,0.0,15.12,0.0
277.0,0,0,1,0,0.0,0.0,1.085,0.0,14.18,0.0
278.0,0,0,1,0,0.0,0.0,0.158,0.0,13.3,0.0
279.0,0,0,1,0,0.0,0.0,0.113,0.0,13.3,0.0
280.0,0,0,1,0,0.0,0.0,1286.073,0.0,12.49,0.0
281.1,1,1,1,0,0.044,0.026,36.391,0.0,13.85,0.0
282.1,0,0,1,0,0.001,0.001,1.175,0.0,13.85,0.0
283.1,0,0,1,0,0.0,0.0,0.142,0.0,15.11,0.0
284.1,0,0,1,0,0.0,0.0,0.239,0.0,14.17,0.0
285.2,0,0,1,0,0.0,0.0,0.083,0.0,14.17,0.0
286.2,0,0,1,0,0.0,0.0,0.015,0.0,13.33,0.0
287.2,0,0,1,0,0.0,0.0,0.039,0.0,12.53,0.0
288.2,1,1,1,0,0.153,0.109,0.264,0.0,12.53,0.0
289.3,0,0,1,0,0.004,0.003,0.163,0.0,13.89,0.0
290.3,0,0,1,0,0.0,0.0,1286.074,0.0,15.1,0.0
291.3,0,0,1,0,0.0,0.0,808.023,0.0,15.1,0.0
292.3,0,0,1,0,0.0,0.0,22.851,0.0,14.21,0.0
293.4,0,0,1,0,0.0,0.0,965.251,0.0,13.34,0.0
294.4,0,0,1,0,0.0,0.0,27.428,0.0,13.34,0.0
295.4,1,0,1,0,0.222,0.0,0.997,0.0,12.51,0.0
296.4,1,1,1,0,1286.076,1286.069,2572.167,0.0,13.84,0.0
297.5,0,0,1,0,36.328,36.328,72.713,0.0,13.84,0.0
298.5,0,0,1,0,1.026,1.026,2.314,0.0,15.11,0.0
299.5,0,0,1,0,0.029,0.029,0.141,0.0,14.17,0.0
300.5,0,0,1,0,0.001,0.001,0.263,0.0,14.17,0.0
301.6,0,0,1,0,0.0,0.0,0.164,0.0,13.29,0.0
302.6,0,0,1,0,0.0,0.0,0.018,0.0,12.47,0.0
303.6,1,1,1,0,0.064,0.037,0.09,0.0,13.82,0.0
304.7,0,0,1,0,0.002,0.001,0.21,0.0,15.1,0.0
305.7,0,0,1,0,0.0,0.0,0.162,0.0,15.1,0.0
306.7,0,0,1,0,0.0,0.0,0.031,0.0,14.19,0.0
307.7,0,0,1,0,0.0,0.0,1286.179,0.0,13.31,0.0
308.7,0,0,1,0,0.0,0.0,36.35,0.0,13.31,0.0
309.8,0,0,1,0,0.0,0.0,1.098,0.0,12.48,0.0
310.8,1,1,1,0,0.266,0.157,0.407,0.0,13.82,0.0
311.8,0,0,1,0,0.008,0.004,0.234,0.0,13.82,0.0
312.8,0,0,1,0,0.0,0.0,0.025,0.0,15.09,0.0
313.9,0,0,1,0,0.0,0.0,0.09,0.0,14.16,0.0
314.9,0,0,1,0,0.0,0.0,0.04,0.0,14.16,0.0
315.9,0,0,1,0,0.0,0.0,0.09,0.0,13.3,0.0
316.9,0,0,1,0,0.0,0.0,0.235,0.0,12.47,0.0
318.0,0,0,0,0,0.0,0.0,0.007,0.0,12.47,0.0
319.0,1,1,1,0,0.026,0.018,0.044,0.0,13.84,0.0
320.0,0,0,1,0,0.001,0.001,0.081,0.0,13.84,0.0
321.0,0,0,1,0,0.0,0.0,0.056,0.0,15.13,0.0
322.1,0,0,1,0,0.0,0.0,1286.226,0.0,14.2,0.0
323.1,0,0,1,0,0.0,0.0,36.386,0.0,14.2,0.0
324.1,0,0,1,0,0.0,0.0,965.58,0.0,13.31,0.0
325.1,0,0,1,0,0.0,0.0,670.328,0.0,12.58,0.0
326.2,1,1,1,0,0.107,0.053,19.079,0.0,12.58,0.0
327.2,0,0,1,0,0.003,0.002,0.871,0.0,14.01,0.0
328.2,0,0,1,0,0.0,0.0,0.245,0.0,15.21,0.0
329.2,0,0,1,0,0.0,0.0,0.044,0.0,15.21,0.0
330.3,0,0,1,0,0.0,0.0,0.237,0.0,14.3,0.0
331.3,0,0,1,0,0.0,0.0,0.044,0.0,13.46,0.0
332.3,0,0,1,0,0.0,0.0,0.103,0.0,13.46,0.0
333.3,1,1,1,0,0.379,0.222,0.604,0.0,12.67,0.0
334.4,0,0,0,0,0.011,0.006,0.017,0.0,14.02,0.0
335.4,0,0,1,0,0.0,0.0,964.579,0.0,14.02,0.0
336.4,0,0,1,0,0.0,0.0,27.428,0.0,15.27,0.0
337.5,0,0,1,0,0.0,0.0,0.828,0.0,14.33,0.0
338.5,0,0,1,0,0.0,0.0,0.15,0.0,14.33,0.0
339.5,0,0,1,0,0.0,0.0,0.335,0.0,13.46,0.0
340.5,0,0,0,0,0.0,0.0,0.009,0.0,12.63,0.0
341.6,1,1,1,0,0.037,0.026,0.063,0.0,13.97,0.0
342.6,0,0,1,0,0.001,0.001,0.148,0.0,15.26,0.0
343.6,0,0,1,0,0.0,0.0,0.08,0.0,15.26,0.0
344.6,0,0,1,0,0.0,0.0,0.237,0.0,14.31,0.0
345.7,0,0,1,0,0.0,0.0,0.083,0.0,13.43,0.0
346.7,0,0,1,0,0.0,0.0,0.015,0.0,13.43,0.0
347.7,0,0,1,0,0.0,0.0,0.039,0.0,12.61,0.0
348.7,1,1,1,0,0.153,0.077,0.208,0.0,14.03,0.0
349.8,0,0,1,0,0.004,0.002,0.16,0.0,14.03,0.0
350.8,0,0,1,0,0.0,0.0,964.557,0.0,15.35,0.0
351.8,0,0,1,0,0.0,0.0,991.852,0.0,14.39,0.0
352.8,0,0,1,0,0.0,0.0,28.036,0.0,14.39,0.0
353.9,0,0,1,0,0.0,0.0,772.487,0.0,13.5,0.0
354.9,0,0,1,0,0.0,0.0,21.968,0.0,12.66,0.0
355.9,1,0,1,0,0.223,0.0,1.066,0.0,12.66,0.0
357.0,1,1,1,0,1286.076,1286.069,1286.1,0.0,14.02,0.0
358.0,0,0,1,0,36.328,36.328,36.379,0.0,15.28,0.0
359.0,0,0,1,0,1.026,1.026,1.208,0.0,15.28,0.0
360.0,0,0,1,0,0.029,0.029,0.111,0.0,14.35,0.0
361.1,0,0,1,0,0.001,0.001,0.185,0.0,13.48,0.0
362.1,0,0,1,0,0.0,0.0,0.161,0.0,13.48,0.0
363.1,0,0,1,0,0.0,0.0,964.557,0.0,12.64,0.0
364.1,1,1,1,0,0.053,0.037,27.325,0.0,13.99,0.0
365.2,0,0,1,0,0.001,0.001,0.934,0.0,13.99,0.0
366.2,0,0,1,0,0.0,0.0,0.135,0.0,15.24,0.0
367.2,0,0,1,0,0.0,0.0,0.245,0.0,14.3,0.0
368.2,0,0,1,0,0.0,0.0,0.116,0.0,14.3,0.0
369.3,0,0,1,0,0.0,0.0,0.022,0.0,13.42,0.0
370.3,0,0,1,0,0.0,0.0,0.056,0.0,12.58,0.0
371.3,1,1,1,0,0.185,0.109,0.296,0.0,12.58,0.0
372.3,0,0,1,0,0.005,0.003,0.231,0.0,13.94,0.0
373.4,0,0,1,0,0.0,0.0,0.019,0.0,15.21,0.0
374.4,0,0,1,0,0.0,0.0,0.09,0.0,15.21,0.0
375.4,0,0,1,0,0.0,0.0,0.029,0.0,14.27,0.0
376.5,0,0,1,0,0.0,0.0,0.067,0.0,13.38,0.0
377.5,0,0,1,0,0.0,0.0,0.211,0.0,13.38,0.0
378.5,0,0,0,0,0.0,0.0,0.006,0.0,12.6,0.0
379.5,1,1,1,0,964.565,0.013,1929.117,0.0,13.94,0.0
380.6,0,0,1,0,27.247,0.0,54.564,0.0,15.21,0.0
381.6,0,0,1,0,0.77,0.0,1.8,0.0,14.28,0.0
382.6,0,0,1,0,0.022,0.0,0.159,0.0,14.28,0.0
383.6,0,0,1,0,0.001,0.0,0.264,0.0,13.39,0.0
384.7,0,0,1,0,0.0,0.0,0.229,0.0,13.39,0.0
385.7,0,0,1,0,0.0,0.0,0.019,0.0,12.56,0.0
386.7,1,1,1,0,0.075,0.053,0.112,0.0,13.94,0.0
387.7,0,0,1,0,0.002,0.002,0.234,0.0,13.94,0.0
388.8,0,0,1,0,0.0,0.0,0.162,0.0,15.21,0.0
389.8,0,0,1,0,0.0,0.0,0.031,0.0,14.27,0.0
390.8,0,0,1,0,0.0,0.0,964.71,0.0,14.27,0.0
391.8,0,0,1,0,0.0,0.0,27.277,0.0,13.38,0.0
392.9,0,0,1,0,0.0,0.0,0.85,0.0,12.56,0.0
393.9,1,1,1,0,0.265,0.156,0.446,0.0,12.56,0.0
394.9,0,0,0,0,0.007,0.004,0.013,0.0,13.95,0.0
395.9,0,0,1,0,0.0,0.0,771.66,0.0,15.29,0.0
397.0,0,0,1,0,0.0,0.0,21.924,0.0,15.29,0.0
398.0,0,0,1,0,0.0,0.0,0.657,0.0,14.36,0.0
399.0,0,0,1,0,0.0,0.0,0.113,0.0,13.47,0.0
400.0,0,0,1,0,0.0,0.0,0.306,0.0,13.47,0.0
401.1,0,0,0,0,0.0,0.0,0.009,0.0,12.63,0.0
402.1,1,1,1,0,0.031,0.018,0.05,0.0,14.0,0.0
403.1,0,0,1,0,0.001,0.001,0.104,0.0,14.0,0.0
404.1,0,0,1,0,0.0,0.0,0.079,0.0,15.27,0.0
405.2,0,0,1,0,0.0,0.0,0.171,0.0,14.35,0.0
406.2,0,0,1,0,0.0,0.0,0.058,0.0,14.35,0.0
407.2,0,0,1,0,0.0,0.0,321.519,0.0,13.47,0.0
408.2,0,0,1,0,0.0,0.0,560.273,0.0,12.7,0.0
409.3,1,1,1,0,0.13,0.076,16.01,0.0,12.7,0.0
410.3,0,0,1,0,0.004,0.002,0.561,0.0,14.06,0.0
411.3,0,0,1,0,0.0,0.0,771.88,0.0,15.31,0.0
412.3,0,0,1,0,0.0,0.0,21.841,0.0,15.31,0.0
413.4,0,0,1,0,0.0,0.0,0.858,0.0,14.37,0.0
414.4,0,0,1,0,0.0,0.0,0.061,0.0,13.48,0.0
415.4,0,0,1,0,0.0,0.0,0.115,0.0,13.48,0.0
416.4,1,1,1,0,0.446,0.223,0.605,0.0,12.65,0.0
417.5,0,0,0,0,0.013,0.006,0.017,0.0,14.12,0.0
418.5,0,0,1,0,0.0,0.0,0.04,0.0,14.12,0.0
419.5,0,0,1,0,0.0,0.0,0.181,0.0,15.49,0.0
420.6,0,0,1,0,0.0,0.0,0.058,0.0,14.6,0.0
421.6,0,0,1,0,0.0,0.0,0.182,0.0,13.78,0.0
422.6,0,0,1,0,0.0,0.0,0.115,0.0,12.96,0.0
423.6,0,0,1,0,0.0,0.0,771.645,0.0,12.96,0.0
424.6,1,1,1,0,0.045,0.027,21.869,0.0,14.24,0.0
425.7,0,0,1,0,0.001,0.001,0.779,0.0,15.49,0.0
426.7,0,0,1,0,0.0,0.0,0.131,0.0,15.49,0.0
427.7,0,0,1,0,0.0,0.0,0.246,0.0,14.54,0.0
428.7,0,0,1,0,0.0,0.0,0.117,0.0,13.63,0.0
429.8,0,0,1,0,0.0,0.0,0.016,0.0,13.63,0.0
430.8,0,0,1,0,0.0,0.0,0.051,0.0,12.79,0.0
431.8,1,1,1,0,0.185,0.109,0.264,0.0,14.15,0.0
432.9,0,0,1,0,0.005,0.003,0.163,0.0,14.15,0.0
433.9,0,0,1,0,0.0,0.0,0.017,0.0,15.42,0.0
434.9,0,0,1,0,0.0,0.0,1286.124,0.0,14.48,0.0
435.9,0,0,1,0,0.0,0.0,36.356,0.0,14.48,0.0
436.9,0,0,1,0,0.0,0.0,772.722,0.0,13.6,0.0
438.0,0,0,1,0,0.0,0.0,21.99,0.0,12.76,0.0
439.0,0,0,0,0,0.0,0.0,0.621,0.0,12.76,0.0
440.0,1,1,1,0,1543.283,0.013,1543.314,0.0,14.11,0.0
441.1,0,0,1,0,43.594,0.0,43.651,0.0,15.37,0.0
442.1,0,0,1,0,1.231,0.0,1.493,0.0,15.37,0.0
443.1,0,0,1,0,0.035,0.0,0.151,0.0,14.42,0.0
444.1,0,0,1,0,0.001,0.0,0.264,0.0,13.52,0.0
445.2,0,0,1,0,0.0,0.0,0.23,0.0,13.52,0.0
446.2,0,0,1,0,0.0,0.0,0.019,0.0,12.68,0.0
447.2,1,1,1,0,0.075,0.037,0.101,0.0,12.68,0.0
448.2,0,0,1,0,0.002,0.001,0.235,0.0,14.08,0.0
449.3,0,0,1,0,0.0,0.0,0.163,0.0,15.39,0.0
450.3,0,0,1,0,0.0,0.0,0.031,0.0,15.39,0.0
451.3,0,0,1,0,0.0,0.0,964.708,0.0,14.43,0.0
452.3,0,0,1,0,0.0,0.0,27.277,0.0,13.53,0.0
453.4,0,0,1,0,0.0,0.0,0.842,0.0,13.53,0.0
454.4,1,1,1,0,0.264,0.154,0.442,0.0,12.69,0.0
455.4,0,0,1,0,0.007,0.004,0.235,0.0,14.19,0.0
456.4,0,0,1,0,0.0,0.0,0.025,0.0,14.19,0.0
457.5,0,0,1,0,0.0,0.0,0.129,0.0,15.62,0.0
458.5,0,0,1,0,0.0,0.0,0.041,0.0,14.68,0.0
459.5,0,0,1,0,0.0,0.0,0.09,0.0,14.68,0.0
460.5,0,0,1,0,0.0,0.0,0.301,0.0,13.78,0.0
461.6,0,0,0,0,0.0,0.0,0.009,0.0,12.98,0.0
462.6,1,1,1,0,0.031,0.018,0.044,0.0,14.28,0.0
463.6,0,0,1,0,0.001,0.001,0.104,0.0,15.52,0.0
464.6,0,0,1,0,0.0,0.0,0.056,0.0,15.52,0.0
465.7,0,0,1,0,0.0,0.0,771.798,0.0,14.57,0.0
466.7,0,0,1,0,0.0,0.0,21.855,0.0,13.66,0.0
467.7,0,0,1,0,0.0,0.0,965.169,0.0,13.66,0.0
468.7,0,0,1,0,0.0,0.0,798.924,0.0,12.82,0.0
469.8,1,1,1,0,0.107,0.077,22.728,0.0,14.13,0.0
470.8,0,0,1,0,0.003,0.002,0.974,0.0,14.13,0.0
471.8,0,0,1,0,0.0,0.0,0.249,0.0,15.38,0.0
472.8,0,0,1,0,0.0,0.0,0.044,0.0,14.47,0.0
473.9,0,0,1,0,0.0,0.0,0.236,0.0,14.47,0.0
474.9,0,0,1,0,0.0,0.0,0.044,0.0,13.6,0.0
475.9,0,0,1,0,0.0,0.0,0.115,0.0,12.78,0.0
476.9,1,1,1,0,0.38,0.223,0.606,0.0,12.78,0.0
478.0,0,0,0,0,0.011,0.006,0.017,0.0,14.13,0.0
479.0,0,0,1,0,0.0,0.0,0.039,0.0,15.4,0.0
480.0,0,0,1,0,0.0,0.0,0.183,0.0,15.4,0.0
481.0,0,0,1,0,0.0,0.0,0.059,0.0,14.44,0.0
482.1,0,0,1,0,0.0,0.0,0.137,0.0,13.54,0.0
483.1,0,0,1,0,0.0,0.0,0.113,0.0,13.54,0.0
484.1,0,0,1,0,0.0,0.0,482.279,0.0,12.69,0.0
485.1,1,1,1,0,0.045,0.026,13.686,0.0,14.04,0.0
486.2,0,0,1,0,0.001,0.001,0.533,0.0,14.04,0.0
487.2,0,0,1,0,0.0,0.0,0.124,0.0,15.32,0.0
488.2,0,0,1,0,0.0,0.0,0.244,0.0,14.37,0.0
489.2,0,0,1,0,0.0,0.0,0.083,0.0,14.37,0.0
490.2,0,0,1,0,0.0,0.0,0.015,0.0,13.52,0.0
491.3,0,0,1,0,0.0,0.0,0.051,0.0,12.68,0.0
492.3,1,1,1,0,0.185,0.109,0.262,0.0,12.68,0.0
493.3,0,0,1,0,0.005,0.003,0.163,0.0,14.01,0.0
494.3,0,0,1,0,0.0,0.0,0.017,0.0,15.22,0.0
495.4,0,0,1,0,0.0,0.0,0.09,0.0,15.22,0.0
496.4,0,0,1,0,0.0,0.0,0.029,0.0,14.29,0.0
497.4,0,0,1,0,0.0,0.0,964.606,0.0,13.4,0.0
498.4,0,0,1,0,0.0,0.0,27.41,0.0,13.4,0.0
499.5,0,0,0,0,0.0,0.0,0.774,0.0,12.57,0.0
500.5,1,1,1,0,1286.082,0.013,2572.174,0.0,13.92,0.0
501.5,0,0,1,0,36.329,0.0,72.729,0.0,13.92,0.0
502.5,0,0,1,0,1.026,0.0,2.314,0.0,14.26,0.0
503.5,0,0,1,0,0.029,0.0,0.174,0.0,14.26,0.0
504.6,0,0,1,0,0.001,0.0,0.265,0.0,13.37,0.0
505.6,0,0,1,0,0.0,0.0,0.23,0.0,12.54,0.0
506.6,0,0,1,0,0.0,0.0,0.019,0.0,12.54,0.0
507.6,1,1,1,0,0.075,0.053,0.129,0.0,13.89,0.0
508.7,0,0,1,0,0.002,0.002,0.236,0.0,15.16,0.0
509.7,0,0,1,0,0.0,0.0,0.165,0.0,15.16,0.0
510.7,0,0,1,0,0.0,0.0,0.031,0.0,14.21,0.0
511.7,0,0,1,0,0.0,0.0,0.169,0.0,13.35,0.0
512.8,0,0,1,0,0.0,0.0,0.031,0.0,13.35,0.0
513.8,0,0,1,0,0.0,0.0,0.08,0.0,12.55,0.0
514.8,1,1,1,0,0.311,0.155,0.422,0.0,12.55,0.0
515.8,0,0,0,0,0.009,0.004,0.012,0.0,13.92,0.0
516.9,0,0,1,0,0.0,0.0,771.66,0.0,15.13,0.0
517.9,0,0,1,0,0.0,0.0,21.925,0.0,15.13,0.0
518.9,0,0,1,0,0.0,0.0,0.657,0.0,14.25,0.0
519.9,0,0,1,0,0.0,0.0,0.145,0.0,13.39,0.0
521.0,0,0,1,0,0.0,0.0,0.304,0.0,13.39,0.0
522.0,0,0,0,0,0.0,0.0,0.009,0.0,12.57,0.0
523.0,1,1,1,0,0.031,0.018,0.05,0.0,13.99,0.0
524.0,0,0,1,0,0.001,0.001,0.104,0.0,13.99,0.0
525.1,0,0,1,0,0.0,0.0,0.08,0.0,15.28,0.0
526.1,0,0,1,0,0.0,0.0,0.17,0.0,14.36,0.0
527.1,0,0,1,0,0.0,0.0,0.058,0.0,14.36,0.0
528.2,0,0,1,0,0.0,0.0,964.554,0.0,13.52,0.0
529.2,0,0,1,0,0.0,0.0,798.906,0.0,12.69,0.0
530.2,1,1,1,0,0.106,0.077,22.75,0.0,12.69,0.0
531.2,0,0,1,0,0.003,0.002,0.752,0.0,13.96,0.0
532.3,0,0,1,0,0.0,0.0,771.884,0.0,15.15,0.0
533.3,0,0,1,0,0.0,0.0,21.841,0.0,15.15,0.0
534.3,0,0,1,0,0.0,0.0,0.859,0.0,14.28,0.0
535.3,0,0,1,0,0.0,0.0,0.062,0.0,13.42,0.0
536.4,0,0,1,0,0.0,0.0,0.115,0.0,13.42,0.0
537.4,1,1,1,0,0.38,0.224,0.607,0.0,12.64,0.0
538.4,0,0,0,0,0.011,0.006,0.017,0.0,13.95,0.0
539.4,0,0,1,0,0.0,0.0,0.04,0.0,13.95,0.0
540.5,0,0,1,0,0.0,0.0,0.183,0.0,15.28,0.0
541.5,0,0,1,0,0.0,0.0,0.058,0.0,14.36,0.0
542.5,0,0,1,0,0.0,0.0,0.136,0.0,14.36,0.0
543.6,0,0,1,0,0.0,0.0,0.112,0.0,13.51,0.0
544.6,0,0,1,0,0.0,0.0,771.645,0.0,12.75,0.0
545.6,1,1,1,0,0.045,0.026,21.86,0.0,13.93,0.0
546.6,0,0,1,0,0.001,0.001,0.762,0.0,15.06,0.0
547.7,0,0,1,0,0.0,0.0,0.098,0.0,15.06,0.0
548.7,0,0,1,0,0.0,0.0,0.239,0.0,14.25,0.0
549.7,0,0,1,0,0.0,0.0,0.082,0.0,13.47,0.0
550.8,0,0,1,0,0.0,0.0,0.015,0.0,13.47,0.0
551.8,0,0,1,0,0.0,0.0,0.04,0.0,12.75,0.0
552.8,1,1,1,0,0.153,0.109,0.231,0.0,14.08,0.0
553.8,0,0,1,0,0.004,0.003,0.162,0.0,14.08,0.0
554.8,0,0,1,0,0.0,0.0,964.557,0.0,15.36,0.0
555.9,0,0,1,0,0.0,0.0,991.852,0.0,14.42,0.0
556.9,0,0,1,0,0.0,0.0,28.036,0.0,14.42,0.0
557.9,0,0,1,0,0.0,0.0,965.397,0.0,13.53,0.0
558.9,0,0,1,0,0.0,0.0,27.432,0.0,12.7,0.0
560.0,0,0,1,0,0.0,0.0,0.997,0.0,12.7,0.0
561.0,1,1,1,0,2572.139,1286.069,2572.167,0.0,14.05,0.0
562.0,0,0,1,0,72.657,36.328,72.713,0.0,15.3,0.0
563.0,0,0,1,0,2.052,1.026,2.315,0.0,15.3,0.0
564.1,0,0,1,0,0.058,0.029,0.142,0.0,14.35,0.0
565.1,0,0,1,0,0.002,0.001,0.264,0.0,13.47,0.0
566.1,0,0,1,0,0.0,0.0,0.163,0.0,13.47,0.0
567.1,0,0,1,0,0.0,0.0,0.017,0.0,12.63,0.0
568.2,1,1,1,0,0.063,0.037,0.101,0.0,13.99,0.0
569.2,0,0,1,0,0.002,0.001,0.211,0.0,13.99,0.0
570.2,0,0,1,0,0.0,0.0,0.16,0.0,15.06,0.0
571.2,0,0,1,0,0.0,0.0,0.031,0.0,14.34,0.0
572.3,0,0,1,0,0.0,0.0,1286.179,0.0,14.34,0.0
573.3,0,0,1,0,0.0,0.0,36.35,0.0,13.45,0.0
574.3,0,0,1,0,0.0,0.0,1.083,0.0,12.61,0.0
575.3,1,1,1,0,0.265,0.156,0.405,0.0,12.61,0.0
576.4,0,0,1,0,0.007,0.004,0.234,0.0,13.97,0.0
577.4,0,0,1,0,0.0,0.0,0.025,0.0,15.24,0.0
578.4,0,0,1,0,0.0,0.0,0.09,0.0,15.24,0.0
579.4,0,0,1,0,0.0,0.0,0.04,0.0,14.33,0.0
580.5,0,0,1,0,0.0,0.0,0.09,0.0,14.33,0.0
581.5,0,0,1,0,0.0,0.0,0.234,0.0,13.46,0.0
582.5,0,0,0,0,0.0,0.0,0.007,0.0,12.65,0.0
583.6,1,1,1,0,0.026,0.013,771.668,0.0,13.97,0.0
584.6,0,0,1,0,0.001,0.0,21.878,0.0,15.24,0.0
585.6,0,0,1,0,0.0,0.0,0.671,0.0,15.24,0.0
586.6,0,0,1,0,0.0,0.0,964.68,0.0,14.38,0.0
587.7,0,0,1,0,0.0,0.0,27.303,0.0,13.52,0.0
588.7,0,0,1,0,0.0,0.0,1286.841,0.0,13.52,0.0
589.7,0,0,1,0,0.0,0.0,808.01,0.0,12.71,0.0
590.7,1,1,1,0,0.091,0.053,22.968,0.0,14.08,0.0
591.8,0,0,1,0,0.003,0.002,0.948,0.0,14.08,0.0
592.8,0,0,1,0,0.0,0.0,0.249,0.0,15.39,0.0
593.8,0,0,1,0,0.0,0.0,0.045,0.0,14.43,0.0
594.8,0,0,1,0,0.0,0.0,0.17,0.0,14.43,0.0
595.9,0,0,1,0,0.0,0.0,0.031,0.0,13.53,0.0
596.9,0,0,1,0,0.0,0.0,0.103,0.0,12.69,0.0
597.9,1,1,1,0,0.38,0.223,0.539,0.0,12.69,0.0
598.9,0,0,0,0,0.011,0.006,0.015,0.0,14.03,0.0
600.0,0,0,1,0,0.0,0.0,964.579,0.0,15.28,0.0
601.0,0,0,1,0,0.0,0.0,27.427,0.0,15.28,0.0
602.0,0,0,1,0,0.0,0.0,0.828,0.0,14.36,0.0
603.0,0,0,1,0,0.0,0.0,0.15,0.0,13.55,0.0
604.1,0,0,1,0,0.0,0.0,0.336,0.0,13.55,0.0
605.1,0,0,0,0,0.0,0.0,0.009,0.0,12.73,0.0
606.1,1,1,1,0,0.037,0.026,0.055,0.0,14.07,0.0
607.1,0,0,1,0,0.001,0.001,0.115,0.0,14.07,0.0
608.2,0,0,1,0,0.0,0.0,0.08,0.0,15.31,0.0
609.2,0,0,1,0,0.0,0.0,0.17,0.0,14.35,0.0
610.2,0,0,1,0,0.0,0.0,0.081,0.0,14.35,0.0
611.2,0,0,1,0,0.0,0.0,0.015,0.0,13.46,0.0
612.3,0,0,1,0,0.0,0.0,0.039,0.0,12.71,0.0
613.3,1,1,1,0,0.129,0.076,0.207,0.0,12.71,0.0
614.3,0,0,1,0,0.004,0.002,0.161,0.0,13.98,0.0
615.4,0,0,1,0,0.0,0.0,1286.074,0.0,15.23,0.0
616.4,0,0,1,0,0.0,0.0,1322.451,0.0,15.23,0.0
617.4,0,0,1,0,0.0,0.0,37.597,0.0,14.3,0.0
618.4,0,0,1,0,0.0,0.0,1.099,0.0,13.42,0.0
619.5,0,0,1,0,0.0,0.0,0.177,0.0,13.42,0.0
620.5,1,0,1,0,0.221,0.0,0.448,0.0,12.63,0.0
621.5,1,1,1,0,964.558,964.552,964.565,0.0,13.96,0.0
622.5,0,0,1,0,27.246,27.246,27.297,0.0,13.96,0.0
623.6,0,0,1,0,0.77,0.77,0.952,0.0,15.23,0.0
624.6,0,0,1,0,0.022,0.022,0.103,0.0,14.3,0.0
625.6,0,0,1,0,0.001,0.001,0.186,0.0,13.46,0.0
626.6,0,0,1,0,0.0,0.0,0.161,0.0,12.62,0.0
627.7,0,0,1,0,0.0,0.0,643.039,0.0,12.62,0.0
628.7,1,1,1,0,0.052,0.026,18.235,0.0,14.0,0.0
629.7,0,0,1,0,0.001,0.001,0.678,0.0,15.3,0.0
630.8,0,0,1,0,0.0,0.0,0.128,0.0,15.3,0.0
631.8,0,0,1,0,0.0,0.0,0.244,0.0,14.4,0.0
632.8,0,0,1,0,0.0,0.0,0.116,0.0,13.51,0.0
633.8,0,0,1,0,0.0,0.0,0.016,0.0,13.51,0.0
634.9,0,0,1,0,0.0,0.0,0.051,0.0,12.72,0.0
635.9,1,1,1,0,0.185,0.109,0.263,0.0,14.1,0.0
636.9,0,0,1,0,0.005,0.003,0.162,0.0,14.1,0.0
637.9,0,0,1,0,0.0,0.0,0.017,0.0,15.39,0.0
639.0,0,0,1,0,0.0,0.0,0.089,0.0,14.44,0.0
640.0,0,0,1,0,0.0,0.0,0.029,0.0,14.44,0.0
641.0,0,0,1,0,0.0,0.0,1929.159,0.0,13.55,0.0
642.0,0,0,1,0,0.0,0.0,54.702,0.0,12.73,0.0
643.1,0,0,0,0,0.0,0.0,1.545,0.0,12.73,0.0
644.1,1,1,1,0,964.565,0.013,1929.161,0.0,14.03,0.0
645.1,0,0,1,0,27.247,0.0,54.566,0.0,14.03,0.0
646.1,0,0,1,0,0.77,0.0,1.8,0.0,15.28,0.0
647.2,0,0,1,0,0.022,0.0,0.16,0.0,14.35,0.0
648.2,0,0,1,0,0.001,0.0,0.265,0.0,14.35,0.0
649.2,0,0,1,0,0.0,0.0,0.231,0.0,13.78,0.0
650.2,0,0,1,0,0.0,0.0,0.019,0.0,13.14,0.0
651.3,1,1,1,0,0.075,0.054,0.113,0.0,13.14,0.0
652.3,0,0,1,0,0.002,0.002,0.236,0.0,14.37,0.0
653.3,0,0,1,0,0.0,0.0,0.162,0.0,15.59,0.0
654.3,0,0,1,0,0.0,0.0,0.031,0.0,15.59,0.0
655.4,0,0,1,0,0.0,0.0,964.708,0.0,14.68,0.0
656.4,0,0,1,0,0.0,0.0,27.277,0.0,13.81,0.0
657.4,0,0,1,0,0.0,0.0,0.85,0.0,13.81,0.0
658.4,1,1,1,0,0.266,0.157,0.447,0.0,12.96,0.0
659.5,0,0,1,0,0.008,0.004,0.235,0.0,14.27,0.0
660.5,0,0,1,0,0.0,0.0,0.025,0.0,14.27,0.0
661.5,0,0,1,0,0.0,0.0,0.127,0.0,15.54,0.0
662.6,0,0,1,0,0.0,0.0,0.041,0.0,14.64,0.0
663.6,0,0,1,0,0.0,0.0,0.09,0.0,13.74,0.0
664.6,0,0,1,0,0.0,0.0,0.302,0.0,12.9,0.0
665.6,0,0,0,0,0.0,0.0,0.009,0.0,12.9,0.0
666.7,1,1,1,0,0.031,0.018,0.044,0.0,14.23,0.0
667.7,0,0,1,0,0.001,0.001,0.104,0.0,15.48,0.0
668.7,0,0,1,0,0.0,0.0,0.056,0.0,15.48,0.0
669.7,0,0,1,0,0.0,0.0,643.192,0.0,14.51,0.0
670.8,0,0,1,0,0.0,0.0,18.222,0.0,13.61,0.0
671.8,0,0,1,0,0.0,0.0,965.067,0.0,13.61,0.0
672.8,0,0,1,0,0.0,0.0,991.831,0.0,12.77,0.0
673.8,1,1,1,0,0.107,0.076,28.2,0.0,14.2,0.0
674.9,0,0,1,0,0.003,0.002,1.127,0.0,14.2,0.0
675.9,0,0,1,0,0.0,0.0,0.254,0.0,15.51,0.0
676.9,0,0,1,0,0.0,0.0,0.044,0.0,14.57,0.0
677.9,0,0,1,0,0.0,0.0,0.235,0.0,14.57,0.0
679.0,0,0,1,0,0.0,0.0,0.044,0.0,13.68,0.0
680.0,0,0,1,0,0.0,0.0,0.115,0.0,12.84,0.0
681.0,1,1,1,0,0.379,0.223,0.605,0.0,12.84,0.0
682.0,0,0,0,0,0.011,0.006,0.017,0.0,14.19,0.0
683.1,0,0,1,0,0.0,0.0,0.039,0.0,15.46,0.0
684.1,0,0,1,0,0.0,0.0,0.183,0.0,15.46,0.0
685.1,0,0,1,0,0.0,0.0,0.059,0.0,14.5,0.0
686.1,0,0,1,0,0.0,0.0,0.137,0.0,13.6,0.0
687.2,0,0,1,0,0.0,0.0,0.113,0.0,13.6,0.0
688.2,0,0,1,0,0.0,0.0,1286.073,0.0,12.75,0.0
689.2,1,1,1,0,0.044,0.026,36.391,0.0,14.11,0.0
690.2,0,0,1,0,0.001,0.001,1.174,0.0,14.11,0.0
691.3,0,0,1,0,0.0,0.0,0.142,0.0,15.38,0.0
692.3,0,0,1,0,0.0,0.0,0.245,0.0,14.44,0.0
693.3,0,0,1,0,0.0,0.0,0.083,0.0,14.44,0.0
694.3,0,0,1,0,0.0,0.0,0.015,0.0,13.54,0.0
695.4,0,0,1,0,0.0,0.0,0.039,0.0,12.71,0.0
696.4,1,1,1,0,0.186,0.109,0.263,0.0,12.71,0.0
697.4,0,0,1,0,0.005,0.003,0.163,0.0,14.05,0.0
698.4,0,0,1,0,0.0,0.0,0.018,0.0,15.35,0.0
699.5,0,0,1,0,0.0,0.0,964.606,0.0,15.35,0.0
700.5,0,0,1,0,0.0,0.0,27.274,0.0,14.42,0.0
701.5,0,0,1,0,0.0,0.0,1286.893,0.0,13.53,0.0
702.5,0,0,1,0,0.0,0.0,36.514,0.0,12.7,0.0
703.6,0,0,0,0,0.0,0.0,1.031,0.0,12.7,0.0
704.6,1,1,1,0,2572.139,0.013,3858.237,0.0,14.06,0.0
705.6,0,0,1,0,72.657,0.0,109.041,0.0,15.35,0.0
706.6,0,0,1,0,2.052,0.0,3.34,0.0,14.41,0.0
707.7,0,0,1,0,0.058,0.0,0.17,0.0,14.41,0.0
708.7,0,0,1,0,0.002,0.0,0.265,0.0,13.6,0.0
709.7,0,0,1,0,0.0,0.0,0.226,0.0,13.6,0.0
710.7,0,0,1,0,0.0,0.0,0.019,0.0,12.81,0.0
711.8,1,1,1,0,0.064,0.037,0.101,0.0,14.05,0.0
712.8,0,0,1,0,0.002,0.001,0.235,0.0,14.05,0.0
713.8,0,0,1,0,0.0,0.0,0.162,0.0,15.27,0.0
714.8,0,0,1,0,0.0,0.0,0.031,0.0,14.31,0.0
715.9,0,0,1,0,0.0,0.0,964.708,0.0,14.31,0.0
716.9,0,0,1,0,0.0,0.0,27.269,0.0,13.45,0.0
717.9,0,0,1,0,0.0,0.0,0.842,0.0,12.63,0.0
718.9,1,1,1,0,0.266,0.157,0.399,0.0,12.63,0.0
720.0,0,0,1,0,0.008,0.004,0.237,0.0,13.97,0.0
721.0,0,0,1,0,0.0,0.0,0.025,0.0,15.22,0.0
722.0,0,0,1,0,0.0,0.0,0.128,0.0,15.22,0.0
723.0,0,0,1,0,0.0,0.0,0.041,0.0,14.3,0.0
724.1,0,0,1,0,0.0,0.0,0.09,0.0,13.46,0.0
725.1,0,0,1,0,0.0,0.0,0.235,0.0,13.46,0.0
726.1,0,0,0,0,0.0,0.0,0.007,0.0,12.63,0.0
727.1,1,1,1,0,0.025,0.018,0.043,0.0,14.01,0.0
728.2,0,0,1,0,0.001,0.001,0.081,0.0,14.01,0.0
729.2,0,0,1,0,0.0,0.0,0.056,0.0,15.31,0.0
730.2,0,0,1,0,0.0,0.0,1286.179,0.0,14.36,0.0
731.3,0,0,1,0,0.0,0.0,36.384,0.0,14.36,0.0
732.3,0,0,1,0,0.0,0.0,965.58,0.0,13.48,0.0
733.3,0,0,1,0,0.0,0.0,1313.363,0.0,12.65,0.0
734.3,1,1,1,0,0.091,0.054,37.244,0.0,12.65,0.0
735.4,0,0,1,0,0.003,0.002,1.383,0.0,14.0,0.0
736.4,0,0,1,0,0.0,0.0,0.262,0.0,15.24,0.0
737.4,0,0,1,0,0.0,0.0,0.045,0.0,15.24,0.0
738.4,0,0,1,0,0.0,0.0,0.237,0.0,14.31,0.0
739.5,0,0,1,0,0.0,0.0,0.033,0.0,13.43,0.0
740.5,0,0,1,0,0.0,0.0,0.103,0.0,13.43,0.0
741.5,1,1,1,0,0.378,0.223,0.537,0.0,12.6,0.0
742.5,0,0,0,0,0.011,0.006,0.015,0.0,13.94,0.0
743.6,0,0,1,0,0.0,0.0,1286.096,0.0,13.94,0.0
744.6,0,0,1,0,0.0,0.0,36.511,0.0,14.26,0.0
745.6,0,0,1,0,0.0,0.0,1.085,0.0,14.26,0.0
746.6,0,0,1,0,0.0,0.0,0.157,0.0,13.37,0.0
747.7,0,0,1,0,0.0,0.0,0.336,0.0,12.54,0.0
748.7,0,0,0,0,0.0,0.0,0.009,0.0,12.54,0.0
749.7,1,1,1,0,0.037,0.026,0.063,0.0,13.88,0.0
750.7,0,0,1,0,0.001,0.001,0.148,0.0,15.2,0.0
751.8,0,0,1,0,0.0,0.0,0.08,0.0,15.2,0.0
752.8,0,0,1,0,0.0,0.0,0.238,0.0,14.31,0.0
753.8,0,0,1,0,0.0,0.0,0.082,0.0,13.45,0.0
754.8,0,0,1,0,0.0,0.0,0.015,0.0,13.45,0.0
755.9,0,0,1,0,0.0,0.0,0.039,0.0,12.65,0.0
756.9,1,1,1,0,0.152,0.076,0.207,0.0,13.98,0.0
757.9,0,0,1,0,0.004,0.002,0.161,0.0,13.98,0.0
758.9,0,0,1,0,0.0,0.0,964.557,0.0,15.21,0.0
760.0,0,0,1,0,0.0,0.0,1313.369,0.0,14.29,0.0
761.0,0,0,1,0,0.0,0.0,37.118,0.0,14.29,0.0
762.0,0,0,1,0,0.0,0.0,1287.171,0.0,13.39,0.0
763.0,0,0,1,0,0.0,0.0,36.522,0.0,12.56,0.0
764.1,1,0,1,0,0.222,0.0,1.254,0.0,12.56,0.0
765.1,1,1,1,0,964.558,964.552,1929.14,0.0,13.91,0.0
766.1,0,0,1,0,27.246,27.246,54.549,0.0,15.16,0.0
767.1,0,0,1,0,0.77,0.77,1.8,0.0,15.16,0.0
768.1,0,0,1,0,0.022,0.022,0.127,0.0,14.23,0.0
769.2,0,0,1,0,0.001,0.001,0.265,0.0,13.36,0.0
770.2,0,0,1,0,0.0,0.0,0.164,0.0,13.36,0.0
771.2,0,0,1,0,0.0,0.0,0.018,0.0,12.54,0.0
772.2,1,1,1,0,0.064,0.038,0.102,0.0,12.54,0.0
773.3,0,0,1,0,0.002,0.001,0.213,0.0,13.89,0.0
774.3,0,0,1,0,0.0,0.0,0.162,0.0,15.15,0.0
775.3,0,0,1,0,0.0,0.0,0.031,0.0,15.15,0.0
776.3,0,0,1,0,0.0,0.0,771.799,0.0,14.22,0.0
777.4,0,0,1,0,0.0,0.0,21.82,0.0,13.33,0.0
778.4,0,0,1,0,0.0,0.0,0.688,0.0,13.33,0.0
779.4,1,1,1,0,0.264,0.155,0.392,0.0,12.5,0.0
780.4,0,0,1,0,0.007,0.004,0.233,0.0,13.88,0.0
781.5,0,0,1,0,0.0,0.0,0.025,0.0,13.88,0.0
782.5,0,0,1,0,0.0,0.0,0.128,0.0,15.16,0.0
783.5,0,0,1,0,0.0,0.0,0.041,0.0,14.24,0.0
784.5,0,0,1,0,0.0,0.0,0.09,0.0,13.39,0.0
785.6,0,0,1,0,0.0,0.0,0.234,0.0,12.56,0.0
786.6,0,0,0,0,0.0,0.0,0.007,0.0,12.56,0.0
787.6,1,1,1,0,0.026,0.018,0.039,0.0,13.94,0.0
788.6,0,0,1,0,0.001,0.001,0.081,0.0,15.21,0.0
789.7,0,0,1,0,0.0,0.0,0.055,0.0,15.21,0.0
790.7,0,0,1,0,0.0,0.0,964.662,0.0,14.27,0.0
791.7,0,0,1,0,0.0,0.0,27.302,0.0,13.52,0.0
792.7,0,0,1,0,0.0,0.0,965.323,0.0,13.52,0.0
793.8,0,0,1,0,0.0,0.0,670.321,0.0,12.83,0.0
794.8,1,1,1,0,0.091,0.053,19.079,0.0,14.2,0.0
795.8,0,0,1,0,0.003,0.002,0.87,0.0,14.2,0.0
796.8,0,0,1,0,0.0,0.0,0.247,0.0,15.45,0.0
797.9,0,0,1,0,0.0,0.0,0.044,0.0,14.5,0.0
798.9,0,0,1,0,0.0,0.0,0.236,0.0,14.5,0.0
799.9,0,0,1,0,0.0,0.0,0.033,0.0,13.59,0.0
800.9,0,0,1,0,0.0,0.0,0.103,0.0,12.76,0.0
802.0,1,1,1,0,0.377,0.221,0.535,0.0,12.76,0.0
803.0,0,0,0,0,0.011,0.006,0.015,0.0,14.12,0.0
804.0,0,0,1,0,0.0,0.0,1286.096,0.0,15.38,0.0
805.0,0,0,1,0,0.0,0.0,36.511,0.0,15.38,0.0
806.1,0,0,1,0,0.0,0.0,1.085,0.0,14.43,0.0
807.1,0,0,1,0,0.0,0.0,0.158,0.0,13.55,0.0
808.1,0,0,1,0,0.0,0.0,0.113,0.0,13.55,0.0
809.1,0,0,1,0,0.0,0.0,771.645,0.0,12.75,0.0
810.2,1,1,1,0,0.044,0.026,21.86,0.0,14.12,0.0
811.2,0,0,1,0,0.001,0.001,0.764,0.0,14.12,0.0
812.2,0,0,1,0,0.0,0.0,0.098,0.0,15.4,0.0
813.2,0,0,1,0,0.0,0.0,0.238,0.0,14.44,0.0
814.3,0,0,1,0,0.0,0.0,0.083,0.0,14.44,0.0
815.3,0,0,1,0,0.0,0.0,0.015,0.0,13.57,0.0
816.3,0,0,1,0,0.0,0.0,0.039,0.0,12.75,0.0
817.3,1,1,1,0,0.153,0.108,0.231,0.0,12.75,0.0
818.4,0,0,1,0,0.004,0.003,0.162,0.0,14.08,0.0
819.4,0,0,1,0,0.0,0.0,1286.074,0.0,15.32,0.0
820.4,0,0,1,0,0.0,0.0,1000.934,0.0,15.32,0.0
821.5,0,0,1,0,0.0,0.0,28.292,0.0,14.43,0.0
822.5,0,0,1,0,0.0,0.0,643.887,0.0,13.6,0.0
823.5,0,0,1,0,0.0,0.0,18.335,0.0,12.76,0.0
824.5,1,0,1,0,0.222,0.0,0.74,0.0,14.1,0.0
825.6,1,1,1,0,964.558,964.552,1929.125,0.0,14.1,0.0
826.6,0,0,1,0,27.246,27.246,54.543,0.0,15.35,0.0
827.6,0,0,1,0,0.77,0.77,1.8,0.0,14.42,0.0
828.6,0,0,1,0,0.022,0.022,0.127,0.0,14.42,0.0
829.7,0,0,1,0,0.001,0.001,0.185,0.0,13.58,0.0
830.7,0,0,1,0,0.0,0.0,0.161,0.0,12.79,0.0
831.7,0,0,1,0,0.0,0.0,771.646,0.0,12.79,0.0
832.7,1,1,1,0,0.064,0.037,21.887,0.0,14.18,0.0
833.8,0,0,1,0,0.002,0.001,0.827,0.0,15.48,0.0
834.8,0,0,1,0,0.0,0.0,0.133,0.0,15.48,0.0
835.8,0,0,1,0,0.0,0.0,0.022,0.0,14.52,0.0
836.9,0,0,1,0,0.0,0.0,964.662,0.0,14.52,0.0
837.9,0,0,1,0,0.0,0.0,27.268,0.0,13.63,0.0
838.9,0,0,1,0,0.0,0.0,0.826,0.0,12.85,0.0
839.9,1,1,1,0,0.217,0.108,0.316,0.0,12.85,0.0
841.0,0,0,1,0,0.006,0.003,0.23,0.0,14.21,0.0
842.0,0,0,1,0,0.0,0.0,0.019,0.0,15.5,0.0
843.0,0,0,1,0,0.0,0.0,0.09,0.0,15.5,0.0
844.0,0,0,1,0,0.0,0.0,0.029,0.0,14.57,0.0
845.1,0,0,1,0,0.0,0.0,0.09,0.0,13.71,0.0
846.1,0,0,1,0,0.0,0.0,0.211,0.0,13.71,0.0
847.1,0,0,0,0,0.0,0.0,0.006,0.0,12.92,0.0
848.1,1,1,1,0,167.761,0.013,335.509,0.0,14.3,0.0
849.2,0,0,1,0,4.739,0.0,9.549,0.0,14.3,0.0
850.2,0,0,1,0,0.134,0.0,0.323,0.0,15.6,0.0
851.2,0,0,1,0,0.004,0.0,771.759,0.0,14.63,0.0
852.2,0,0,1,0,0.0,0.0,22.06,0.0,14.63,0.0
853.3,0,0,1,0,0.0,0.0,0.845,0.0,13.73,0.0
854.3,0,0,1,0,0.0,0.0,0.042,0.0,12.9,0.0
855.3,1,1,1,0,0.091,0.054,0.129,0.0,12.9,0.0
856.3,0,0,1,0,0.003,0.002,0.302,0.0,14.23,0.0
857.4,0,0,1,0,0.0,0.0,0.164,0.0,15.47,0.0
858.4,0,0,1,0,0.0,0.0,0.031,0.0,15.47,0.0
859.4,0,0,1,0,0.0,0.0,0.169,0.0,14.53,0.0
860.4,0,0,1,0,0.0,0.0,0.031,0.0,13.63,0.0
861.5,0,0,1,0,0.0,0.0,0.08,0.0,13.63,0.0
862.5,1,1,1,0,0.312,0.221,0.47,0.0,12.79,0.0
863.5,0,0,0,0,0.009,0.006,0.013,0.0,14.17,0.0
864.5,0,0,1,0,0.0,0.0,1286.088,0.0,14.17,0.0
865.6,0,0,1,0,0.0,0.0,36.456,0.0,15.48,0.0
866.6,0,0,1,0,0.0,0.0,1.067,0.0,14.53,0.0
867.6,0,0,1,0,0.0,0.0,0.158,0.0,13.63,0.0
868.6,0,0,1,0,0.0,0.0,0.335,0.0,12.78,0.0
869.7,0,0,0,0,0.0,0.0,0.009,0.0,12.78,0.0
870.7,1,1,1,0,0.031,0.018,0.05,0.0,14.14,0.0
871.7,0,0,1,0,0.001,0.001,0.115,0.0,15.35,0.0
872.7,0,0,1,0,0.0,0.0,0.079,0.0,15.35,0.0
873.8,0,0,1,0,0.0,0.0,0.172,0.0,14.46,0.0
874.8,0,0,1,0,0.0,0.0,0.08,0.0,13.59,0.0
875.8,0,0,1,0,0.0,0.0,964.554,0.0,13.59,0.0
876.8,0,0,1,0,0.0,0.0,798.914,0.0,12.76,0.0
877.9,1,1,1,0,0.13,0.076,22.751,0.0,14.03,0.0
878.9,0,0,1,0,0.004,0.002,0.752,0.0,14.03,0.0
879.9,0,0,1,0,0.0,0.0,964.573,0.0,15.28,0.0
880.9,0,0,1,0,0.0,0.0,1313.37,0.0,14.34,0.0
882.0,0,0,1,0,0.0,0.0,37.34,0.0,14.34,0.0
883.0,0,0,1,0,0.0,0.0,1.092,0.0,13.45,0.0
884.0,0,0,1,0,0.0,0.0,0.144,0.0,12.61,0.0
885.0,1,0,1,0,0.444,0.0,0.448,0.0,12.61,0.0
886.1,0,1,1,0,0.013,771.642,771.654,0.0,13.97,0.0
887.1,0,0,1,0,0.0,21.797,21.848,0.0,15.27,0.0
888.1,0,0,1,0,0.0,0.616,0.8,0.0,15.27,0.0
889.1,0,0,1,0,0.0,0.017,0.099,0.0,14.33,0.0
890.2,0,0,1,0,0.0,0.0,0.184,0.0,13.45,0.0
891.2,0,0,1,0,0.0,0.0,0.161,0.0,13.45,0.0
892.2,0,0,1,0,0.0,0.0,1286.074,0.0,12.61,0.0
893.2,1,1,1,0,0.052,0.026,36.399,0.0,13.98,0.0
894.3,0,0,1,0,0.001,0.001,1.19,0.0,13.98,0.0
895.3,0,0,1,0,0.0,0.0,0.142,0.0,15.3,0.0
896.3,0,0,1,0,0.0,0.0,0.244,0.0,14.35,0.0
897.4,0,0,1,0,0.0,0.0,0.116,0.0,14.35,0.0
898.4,0,0,1,0,0.0,0.0,0.022,0.0,13.5,0.0
899.4,0,0,1,0,0.0,0.0,0.051,0.0,12.68,0.0
900.4,1,1,1,0,0.185,0.109,0.295,0.0,12.68,0.0
901.5,0,0,1,0,0.005,0.003,0.163,0.0,14.06,0.0
902.5,0,0,1,0,0.0,0.0,0.017,0.0,14.06,0.0
903.5,0,0,1,0,0.0,0.0,0.09,0.0,15.37,0.0
904.6,0,0,1,0,0.0,0.0,0.029,0.0,14.41,0.0
905.6,0,0,1,0,0.0,0.0,964.606,0.0,13.52,0.0
906.6,0,0,1,0,0.0,0.0,27.41,0.0,12.69,0.0
907.6,0,0,0,0,0.0,0.0,0.774,0.0,12.69,0.0
908.6,1,1,1,0,1543.283,0.013,1543.318,0.0,14.01,0.0
909.7,0,0,1,0,43.594,0.0,43.651,0.0,15.27,0.0
910.7,0,0,1,0,1.231,0.0,1.494,0.0,15.27,0.0
911.7,0,0,1,0,0.035,0.0,0.151,0.0,14.32,0.0
912.7,0,0,1,0,0.001,0.0,0.265,0.0,13.43,0.0
913.8,0,0,1,0,0.0,0.0,0.231,0.0,13.43,0.0
914.8,0,0,1,0,0.0,0.0,0.019,0.0,12.6,0.0
915.8,1,1,1,0,0.075,0.054,0.113,0.0,13.95,0.0
916.8,0,0,1,0,0.002,0.002,0.236,0.0,13.95,0.0
917.9,0,0,1,0,0.0,0.0,0.163,0.0,15.22,0.0
918.9,0,0,1,0,0.0,0.0,0.031,0.0,14.29,0.0
919.9,0,0,1,0,0.0,0.0,0.17,0.0,14.29,0.0
920.9,0,0,1,0,0.0,0.0,0.031,0.0,13.4,0.0
921.9,0,0,1,0,0.0,0.0,0.081,0.0,12.56,0.0
923.0,1,1,1,0,0.311,0.155,0.422,0.0,12.56,0.0
924.0,0,0,0,0,0.009,0.004,0.012,0.0,13.9,0.0
925.0,0,0,1,0,0.0,0.0,1286.088,0.0,15.15,0.0
926.0,0,0,1,0,0.0,0.0,36.456,0.0,15.15,0.0
927.1,0,0,1,0,0.0,0.0,1.067,0.0,14.22,0.0
928.1,0,0,1,0,0.0,0.0,0.158,0.0,13.35,0.0
929.1,0,0,1,0,0.0,0.0,0.336,0.0,13.35,0.0
930.1,0,0,0,0,0.0,0.0,0.01,0.0,12.53,0.0
931.2,1,1,1,0,0.031,0.018,0.05,0.0,13.89,0.0
932.2,0,0,1,0,0.001,0.001,0.116,0.0,13.89,0.0
933.2,0,0,1,0,0.0,0.0,0.08,0.0,15.16,0.0
934.2,0,0,1,0,0.0,0.0,0.171,0.0,14.23,0.0
935.2,0,0,1,0,0.0,0.0,0.081,0.0,14.23,0.0
936.3,0,0,1,0,0.0,0.0,0.015,0.0,13.35,0.0
937.3,0,0,1,0,0.0,0.0,1929.131,0.0,12.51,0.0
938.3,1,1,1,0,0.13,0.076,54.699,0.0,12.51,0.0
939.3,0,0,1,0,0.004,0.002,1.654,0.0,13.86,0.0
940.4,0,0,1,0,0.0,0.0,1286.116,0.0,15.12,0.0
941.4,0,0,1,0,0.0,0.0,1965.487,0.0,15.12,0.0
942.4,0,0,1,0,0.0,0.0,55.539,0.0,14.18,0.0
943.4,0,0,1,0,0.0,0.0,966.159,0.0,13.29,0.0
944.5,0,0,1,0,0.0,0.0,27.438,0.0,13.29,0.0
945.5,1,0,1,0,0.224,0.0,1.223,0.0,12.47,0.0
946.5,1,1,1,0,1286.076,1286.069,1286.104,0.0,13.82,0.0
947.5,0,0,1,0,36.328,36.328,36.379,0.0,13.82,0.0
948.6,0,0,1,0,1.026,1.026,1.21,0.0,15.09,0.0
949.6,0,0,1,0,0.029,0.029,0.111,0.0,14.15,0.0
950.6,0,0,1,0,0.001,0.001,0.185,0.0,13.27,0.0
951.6,0,0,1,0,0.0,0.0,0.161,0.0,12.45,0.0
952.7,0,0,1,0,0.0,0.0,964.557,0.0,12.45,0.0
953.7,1,1,1,0,0.053,0.037,27.336,0.0,13.8,0.0
954.7,0,0,1,0,0.001,0.001,0.935,0.0,15.08,0.0
955.7,0,0,1,0,0.0,0.0,0.135,0.0,15.08,0.0
956.8,0,0,1,0,0.0,0.0,0.245,0.0,14.14,0.0
957.8,0,0,1,0,0.0,0.0,0.118,0.0,13.28,0.0
958.8,0,0,1,0,0.0,0.0,0.022,0.0,13.28,0.0
959.8,0,0,1,0,0.0,0.0,0.056,0.0,12.48,0.0
960.9,1,1,1,0,0.217,0.109,0.295,0.0,13.83,0.0
961.9,0,0,1,0,0.006,0.003,0.232,0.0,13.83,0.0
962.9,0,0,1,0,0.0,0.0,0.019,0.0,15.12,0.0
963.9,0,0,1,0,0.0,0.0,0.09,0.0,14.2,0.0
965.0,0,0,1,0,0.0,0.0,0.029,0.0,14.2,0.0
966.0,0,0,1,0,0.0,0.0,0.09,0.0,13.32,0.0
967.0,0,0,1,0,0.0,0.0,0.235,0.0,13.32,0.0
968.0,0,0,0,0,0.0,0.0,0.007,0.0,12.51,0.0
969.0,1,1,1,0,964.565,0.013,964.578,0.0,13.86,0.0
970.1,0,0,1,0,27.247,0.0,27.327,0.0,13.86,0.0
971.1,0,0,1,0,0.77,0.0,0.825,0.0,15.13,0.0
972.1,0,0,1,0,0.022,0.0,1286.202,0.0,14.2,0.0
973.1,0,0,1,0,0.001,0.0,36.385,0.0,14.2,0.0
974.2,0,0,1,0,0.0,0.0,1287.32,0.0,13.31,0.0
975.2,0,0,1,0,0.0,0.0,36.382,0.0,12.49,0.0
976.2,1,1,1,0,0.091,0.053,1.172,0.0,12.49,0.0
977.2,0,0,1,0,0.003,0.002,0.332,0.0,13.84,0.0
978.3,0,0,1,0,0.0,0.0,0.232,0.0,15.11,0.0
979.3,0,0,1,0,0.0,0.0,0.044,0.0,15.11,0.0
980.3,0,0,1,0,0.0,0.0,0.237,0.0,14.17,0.0
981.3,0,0,1,0,0.0,0.0,0.033,0.0,13.3,0.0
982.4,0,0,1,0,0.0,0.0,0.104,0.0,13.3,0.0
983.4,1,1,1,0,0.38,0.223,0.539,0.0,12.47,0.0
984.4,0,0,0,0,0.011,0.006,0.015,0.0,13.82,0.0
985.4,0,0,1,0,0.0,0.0,964.579,0.0,13.82,0.0
986.4,0,0,1,0,0.0,0.0,27.429,0.0,15.09,0.0
987.5,0,0,1,0,0.0,0.0,0.828,0.0,14.14,0.0
988.5,0,0,1,0,0.0,0.0,0.151,0.0,14.14,0.0
989.5,0,0,1,0,0.0,0.0,0.113,0.0,13.26,0.0
990.5,0,0,1,0,0.0,0.0,964.555,0.0,12.44,0.0
991.6,1,1,1,0,0.045,0.026,27.309,0.0,13.8,0.0
992.6,0,0,1,0,0.001,0.001,0.917,0.0,15.07,0.0
993.6,0,0,1,0,0.0,0.0,0.135,0.0,15.07,0.0
994.6,0,0,1,0,0.0,0.0,0.244,0.0,14.14,0.0
995.7,0,0,1,0,0.0,0.0,0.083,0.0,13.27,0.0
996.7,0,0,1,0,0.0,0.0,0.015,0.0,13.27,0.0
997.7,0,0,1,0,0.0,0.0,0.039,0.0,12.45,0.0
998.7,1,1,1,0,0.152,0.109,0.263,0.0,13.8,0.0
999.8,0,0,1,0,0.004,0.003,0.163,0.0,13.8,0.0
1000.8,0,0,1,0,0.0,0.0,0.017,0.0,15.08,0.0
1001.8,0,0,1,0,0.0,0.0,771.696,0.0,14.14,0.0
1002.8,0,0,1,0,0.0,0.0,21.825,0.0,14.14,0.0
1003.8,0,0,1,0,0.0,0.0,772.312,0.0,13.26,0.0
1004.9,0,0,1,0,0.0,0.0,21.979,0.0,12.43,0.0
1005.9,0,0,0,0,0.0,0.0,0.621,0.0,12.43,0.0
1006.9,1,1,1,0,2572.139,0.013,3858.226,0.0,13.78,0.0
1007.9,0,0,1,0,72.657,0.0,109.041,0.0,15.04,0.0
1009.0,0,0,1,0,2.052,0.0,3.341,0.0,15.04,0.0
1010.0,0,0,1,0,0.058,0.0,0.203,0.0,14.11,0.0
1011.0,0,0,1,0,0.002,0.0,0.266,0.0,13.23,0.0
1012.0,0,0,1,0,0.0,0.0,0.229,0.0,13.23,0.0
1013.1,0,0,1,0,0.0,0.0,0.019,0.0,12.4,0.0
1014.1,1,1,1,0,0.075,0.038,0.102,0.0,13.76,0.0
1015.1,0,0,1,0,0.002,0.001,0.235,0.0,13.76,0.0
1016.1,0,0,1,0,0.0,0.0,0.163,0.0,15.03,0.0
1017.2,0,0,1,0,0.0,0.0,0.031,0.0,14.1,0.0
1018.2,0,0,1,0,0.0,0.0,1286.226,0.0,14.1,0.0
1019.2,0,0,1,0,0.0,0.0,36.359,0.0,13.23,0.0
1020.2,0,0,1,0,0.0,0.0,1.107,0.0,12.41,0.0
1021.3,1,1,1,0,0.265,0.156,0.452,0.0,12.41,0.0
1022.3,0,0,1,0,0.007,0.004,0.236,0.0,13.76,0.0
1023.3,0,0,1,0,0.0,0.0,0.025,0.0,15.05,0.0
1024.3,0,0,1,0,0.0,0.0,0.128,0.0,15.05,0.0
1025.3,0,0,1,0,0.0,0.0,0.041,0.0,14.11,0.0
1026.4,0,0,1,0,0.0,0.0,0.096,0.0,13.23,0.0
1027.4,0,0,1,0,0.0,0.0,0.302,0.0,13.23,0.0
1028.4,0,0,0,0,0.0,0.0,0.009,0.0,12.42,0.0
1029.5,1,1,1,0,0.031,0.018,0.044,0.0,12.42,0.0
1030.5,0,0,1,0,0.001,0.001,0.104,0.0,13.78,0.0
1031.5,0,0,1,0,0.0,0.0,0.079,0.0,15.06,0.0
1032.5,0,0,1,0,0.0,0.0,0.17,0.0,15.06,0.0
1033.5,0,0,1,0,0.0,0.0,0.058,0.0,14.14,0.0
1034.6,0,0,1,0,0.0,0.0,771.643,0.0,13.26,0.0
1035.6,0,0,1,0,0.0,0.0,986.367,0.0,12.45,0.0
1036.6,1,1,1,0,0.107,0.076,28.046,0.0,13.81,0.0
1037.6,0,0,1,0,0.003,0.002,0.901,0.0,13.81,0.0
1038.7,0,0,1,0,0.0,0.0,1286.317,0.0,15.12,0.0
1039.7,0,0,1,0,0.0,0.0,36.373,0.0,14.2,0.0
1040.7,0,0,1,0,0.0,0.0,1.269,0.0,14.2,0.0
1041.7,0,0,1,0,0.0,0.0,0.073,0.0,13.31,0.0
1042.8,0,0,1,0,0.0,0.0,0.116,0.0,12.48,0.0
1043.8,1,1,1,0,0.444,0.222,0.669,0.0,12.48,0.0
1044.8,0,0,0,0,0.013,0.006,0.019,0.0,13.83,0.0
1045.8,0,0,1,0,0.0,0.0,0.039,0.0,15.09,0.0
1046.9,0,0,1,0,0.0,0.0,0.183,0.0,15.09,0.0
1047.9,0,0,1,0,0.0,0.0,0.059,0.0,14.15,0.0
1048.9,0,0,1,0,0.0,0.0,0.184,0.0,13.27,0.0
1049.9,0,0,1,0,0.0,0.0,0.161,0.0,13.27,0.0
1051.0,0,0,1,0,0.0,0.0,1286.074,0.0,12.45,0.0
1052.0,1,1,1,0,0.044,0.026,36.399,0.0,13.81,0.0
1053.0,0,0,1,0,0.001,0.001,1.19,0.0,13.81,0.0
1054.0,0,0,1,0,0.0,0.0,0.143,0.0,15.09,0.0
1055.1,0,0,1,0,0.0,0.0,0.245,0.0,14.15,0.0
1056.1,0,0,1,0,0.0,0.0,0.116,0.0,14.15,0.0
1057.1,0,0,1,0,0.0,0.0,0.016,0.0,13.26,0.0
1058.1,0,0,1,0,0.0,0.0,0.051,0.0,12.44,0.0
1059.2,1,1,1,0,0.185,0.109,0.295,0.0,12.44,0.0
1060.2,0,0,1,0,0.005,0.003,0.163,0.0,13.81,0.0
1061.2,0,0,1,0,0.0,0.0,0.017,0.0,15.1,0.0
1062.2,0,0,1,0,0.0,0.0,0.089,0.0,15.1,0.0
1063.3,0,0,1,0,0.0,0.0,0.029,0.0,14.2,0.0
1064.3,0,0,1,0,0.0,0.0,1286.123,0.0,13.32,0.0
1065.3,0,0,1,0,0.0,0.0,36.538,0.0,13.32,0.0
1066.3,0,0,0,0,0.0,0.0,1.032,0.0,12.54,0.0
1067.4,1,1,1,0,643.048,0.013,1286.111,0.0,13.91,0.0
1068.4,0,0,1,0,18.165,0.0,36.401,0.0,13.91,0.0
1069.4,0,0,1,0,0.513,0.0,1.288,0.0,15.2,0.0
1070.4,0,0,1,0,0.014,0.0,0.145,0.0,14.26,0.0
1071.4,0,0,1,0,0.0,0.0,0.265,0.0,14.26,0.0
1072.5,0,0,1,0,0.0,0.0,0.23,0.0,13.37,0.0
1073.5,0,0,1,0,0.0,0.0,0.019,0.0,12.54,0.0
1074.5,1,1,1,0,0.075,0.053,0.129,0.0,12.54,0.0
1075.5,0,0,1,0,0.002,0.002,0.236,0.0,15.18,0.0
1076.6,0,0,1,0,0.0,0.0,0.163,0.0,15.18,0.0
1077.6,0,0,1,0,0.0,0.0,0.031,0.0,14.26,0.0
1078.6,0,0,1,0,0.0,0.0,0.169,0.0,13.38,0.0
1079.6,0,0,1,0,0.0,0.0,0.031,0.0,13.38,0.0
1080.7,0,0,1,0,0.0,0.0,0.081,0.0,12.55,0.0
1081.7,1,1,1,0,0.31,0.155,0.467,0.0,13.9,0.0
1082.7,0,0,0,0,0.009,0.004,0.013,0.0,13.9,0.0
1083.7,0,0,1,0,0.0,0.0,1286.088,0.0,15.14,0.0
1084.8,0,0,1,0,0.0,0.0,36.456,0.0,14.2,0.0
1085.8,0,0,1,0,0.0,0.0,1.067,0.0,14.2,0.0
1086.8,0,0,1,0,0.0,0.0,0.158,0.0,13.32,0.0
1087.8,0,0,1,0,0.0,0.0,0.336,0.0,12.49,0.0
1088.9,0,0,0,0,0.0,0.0,0.009,0.0,12.49,0.0
1089.9,1,1,1,0,0.031,0.018,0.05,0.0,13.85,0.0
1090.9,0,0,1,0,0.001,0.001,0.116,0.0,15.14,0.0
1091.9,0,0,1,0,0.0,0.0,0.08,0.0,15.14,0.0
1093.0,0,0,1,0,0.0,0.0,0.171,0.0,14.22,0.0
1094.0,0,0,1,0,0.0,0.0,0.081,0.0,13.35,0.0
1095.0,0,0,1,0,0.0,0.0,0.015,0.0,13.35,0.0
1096.0,0,0,1,0,0.0,0.0,1929.131,0.0,12.54,0.0
1097.1,1,1,1,0,0.129,0.076,54.676,0.0,12.54,0.0
1098.1,0,0,1,0,0.004,0.002,1.654,0.0,13.89,0.0
1099.1,0,0,1,0,0.0,0.0,964.599,0.0,15.13,0.0
1100.1,0,0,1,0,0.0,0.0,798.943,0.0,15.13,0.0
1101.1,0,0,1,0,0.0,0.0,22.81,0.0,14.2,0.0
1102.2,0,0,1,0,0.0,0.0,0.682,0.0,13.31,0.0
1103.2,0,0,1,0,0.0,0.0,0.166,0.0,13.31,0.0
1104.2,1,0,1,0,0.222,0.0,0.448,0.0,12.49,0.0
1105.2,1,1,1,0,964.558,964.552,964.565,0.0,13.84,0.0
1106.3,0,0,1,0,27.246,27.246,27.297,0.0,13.84,0.0
1107.3,0,0,1,0,0.77,0.77,1.031,0.0,15.11,0.0
1108.3,0,0,1,0,0.022,0.022,0.106,0.0,14.18,0.0
1109.3,0,0,1,0,0.001,0.001,0.184,0.0,14.18,0.0
1110.4,0,0,1,0,0.0,0.0,0.16,0.0,13.3,0.0
1111.4,0,0,1,0,0.0,0.0,0.017,0.0,12.48,0.0
1112.4,1,1,1,0,0.064,0.037,0.09,0.0,12.48,0.0
1113.4,0,0,1,0,0.002,0.001,0.212,0.0,13.84,0.0
1114.4,0,0,1,0,0.0,0.0,0.115,0.0,15.11,0.0
1115.5,0,0,1,0,0.0,0.0,0.021,0.0,15.11,0.0
1116.5,0,0,1,0,0.0,0.0,1286.18,0.0,14.22,0.0
1117.5,0,0,1,0,0.0,0.0,36.35,0.0,13.37,0.0
1118.5,0,0,1,0,0.0,0.0,1.083,0.0,12.54,0.0
1119.6,1,1,1,0,0.22,0.156,0.36,0.0,13.88,0.0
1120.6,0,0,1,0,0.006,0.004,0.233,0.0,13.88,0.0
1121.6,0,0,1,0,0.0,0.0,0.019,0.0,15.15,0.0
1122.6,0,0,1,0,0.0,0.0,0.09,0.0,14.21,0.0
1123.7,0,0,1,0,0.0,0.0,0.04,0.0,14.21,0.0
1124.7,0,0,1,0,0.0,0.0,0.091,0.0,13.34,0.0
1125.7,0,0,1,0,0.0,0.0,0.234,0.0,12.52,0.0
1126.7,0,0,0,0,0.0,0.0,0.007,0.0,12.52,0.0
1127.8,1,1,1,0,0.026,0.013,964.578,0.0,13.88,0.0
1128.8,0,0,1,0,0.001,0.0,27.327,0.0,15.16,0.0
1129.8,0,0,1,0,0.0,0.0,0.825,0.0,15.16,0.0
1130.8,0,0,1,0,0.0,0.0,1286.202,0.0,14.23,0.0
1131.9,0,0,1,0,0.0,0.0,36.386,0.0,13.34,0.0
1132.9,0,0,1,0,0.0,0.0,1287.097,0.0,13.34,0.0
1133.9,0,0,1,0,0.0,0.0,1322.445,0.0,12.51,0.0
1134.9,1,1,1,0,0.091,0.053,37.5,0.0,13.89,0.0
1136.0,0,0,1,0,0.003,0.002,1.39,0.0,13.89,0.0
1137.0,0,0,1,0,0.0,0.0,0.261,0.0,15.19,0.0
1138.0,0,0,1,0,0.0,0.0,0.045,0.0,14.24,0.0
1139.0,0,0,1,0,0.0,0.0,0.237,0.0,14.24,0.0
1140.1,0,0,1,0,0.0,0.0,0.033,0.0,13.35,0.0
1141.1,0,0,1,0,0.0,0.0,0.104,0.0,12.52,0.0
1142.1,1,1,1,0,0.379,0.223,0.605,0.0,12.52,0.0
1143.1,0,0,0,0,0.011,0.006,0.017,0.0,13.88,0.0
1144.1,0,0,1,0,0.0,0.0,1286.096,0.0,15.15,0.0
1145.2,0,0,1,0,0.0,0.0,36.511,0.0,15.15,0.0
1146.2,0,0,1,0,0.0,0.0,1.085,0.0,14.22,0.0
1147.2,0,0,1,0,0.0,0.0,0.166,0.0,13.34,0.0
1148.2,0,0,1,0,0.0,0.0,0.114,0.0,13.34,0.0
1149.3,0,0,1,0,0.0,0.0,1286.073,0.0,12.51,0.0
1150.3,1,1,1,0,0.045,0.026,36.391,0.0,13.86,0.0
1151.3,0,0,1,0,0.001,0.001,1.175,0.0,13.86,0.0
1152.3,0,0,1,0,0.0,0.0,0.142,0.0,15.15,0.0
1153.3,0,0,1,0,0.0,0.0,0.245,0.0,14.21,0.0
1154.4,0,0,1,0,0.0,0.0,0.084,0.0,14.21,0.0
1155.4,0,0,1,0,0.0,0.0,0.015,0.0,13.34,0.0
1156.4,0,0,1,0,0.0,0.0,0.051,0.0,12.5,0.0
1157.4,1,1,1,0,0.185,0.109,0.263,0.0,12.5,0.0
1158.5,0,0,1,0,0.005,0.003,0.164,0.0,13.86,0.0
1159.5,0,0,1,0,0.0,0.0,0.017,0.0,15.13,0.0
1160.5,0,0,1,0,0.0,0.0,0.09,0.0,15.13,0.0
1161.5,0,0,1,0,0.0,0.0,0.029,0.0,14.19,0.0
1162.6,0,0,1,0,0.0,0.0,1286.124,0.0,14.19,0.0
1163.6,0,0,1,0,0.0,0.0,36.494,0.0,13.3,0.0
1164.6,0,0,0,0,0.0,0.0,1.031,0.0,12.74,0.0
1165.6,1,1,1,0,1929.104,0.013,1929.146,0.0,13.8,0.0
1166.6,0,0,1,0,54.492,0.0,54.566,0.0,15.07,0.0
1167.7,0,0,1,0,1.539,0.0,1.801,0.0,15.07,0.0
1168.7,0,0,1,0,0.043,0.0,0.16,0.0,14.13,0.0
1169.7,0,0,1,0,0.001,0.0,0.265,0.0,13.27,0.0
1170.7,0,0,1,0,0.0,0.0,0.23,0.0,13.27,0.0
1171.8,0,0,1,0,0.0,0.0,0.019,0.0,12.44,0.0
1172.8,1,1,1,0,0.074,0.054,0.128,0.0,13.8,0.0
1173.8,0,0,1,0,0.002,0.002,0.236,0.0,13.8,0.0
1174.8,0,0,1,0,0.0,0.0,0.163,0.0,15.08,0.0
1175.9,0,0,1,0,0.0,0.0,0.031,0.0,14.15,0.0
1176.9,0,0,1,0,0.0,0.0,0.169,0.0,14.15,0.0
1177.9,0,0,1,0,0.0,0.0,0.031,0.0,13.27,0.0
1178.9,0,0,1,0,0.0,0.0,0.08,0.0,12.45,0.0
1180.0,1,1,1,0,0.312,0.156,0.423,0.0,12.45,0.0
1181.0,0,0,0,0,0.009,0.004,0.012,0.0,13.82,0.0
1182.0,0,0,1,0,0.0,0.0,1286.088,0.0,15.09,0.0
1183.0,0,0,1,0,0.0,0.0,36.456,0.0,15.09,0.0
1184.1,0,0,1,0,0.0,0.0,1.067,0.0,14.16,0.0
1185.1,0,0,1,0,0.0,0.0,0.158,0.0,13.28,0.0
1186.1,0,0,1,0,0.0,0.0,0.336,0.0,13.28,0.0
1187.1,0,0,0,0,0.0,0.0,0.009,0.0,12.46,0.0
1188.1,1,1,1,0,0.031,0.018,0.05,0.0,13.83,0.0
1189.2,0,0,1,0,0.001,0.001,0.115,0.0,13.83,0.0
1190.2,0,0,1,0,0.0,0.0,0.08,0.0,15.11,0.0
1191.2,0,0,1,0,0.0,0.0,0.171,0.0,14.17,0.0
1192.2,0,0,1,0,0.0,0.0,0.081,0.0,14.17,0.0
1193.3,0,0,1,0,0.0,0.0,771.644,0.0,13.29,0.0
1194.3,0,0,1,0,0.0,0.0,986.375,0.0,12.47,0.0
1195.3,1,1,1,0,0.129,0.076,28.045,0.0,12.47,0.0
1196.4,0,0,1,0,0.004,0.002,0.901,0.0,13.8,0.0
1197.4,0,0,1,0,0.0,0.0,964.578,0.0,15.08,0.0
1198.4,0,0,1,0,0.0,0.0,991.836,0.0,15.08,0.0
1199.4,0,0,1,0,0.0,0.0,28.259,0.0,14.18,0.0
1200.5,0,0,1,0,0.0,0.0,0.836,0.0,13.32,0.0
1201.5,0,0,1,0,0.0,0.0,0.138,0.0,13.32,0.0
1202.5,1,0,1,0,0.447,0.0,0.451,0.0,12.49,0.0
1203.5,0,1,1,0,0.013,1286.069,1286.082,0.0,13.85,0.0
1204.6,0,0,1,0,0.0,36.328,36.368,0.0,15.11,0.0
1205.6,0,0,1,0,0.0,1.026,1.209,0.0,14.17,0.0
1206.6,0,0,1,0,0.0,0.029,0.11,0.0,14.17,0.0
1207.6,0,0,1,0,0.0,0.001,0.185,0.0,13.31,0.0
1208.7,0,0,1,0,0.0,0.0,0.161,0.0,12.48,0.0
1209.7,0,0,1,0,0.0,0.0,1286.074,0.0,12.48,0.0
1210.7,1,1,1,0,0.052,0.026,36.399,0.0,13.83,0.0
1211.7,0,0,1,0,0.001,0.001,1.191,0.0,15.12,0.0
1212.7,0,0,1,0,0.0,0.0,0.143,0.0,15.12,0.0
1213.8,0,0,1,0,0.0,0.0,0.244,0.0,14.23,0.0
1214.8,0,0,1,0,0.0,0.0,0.116,0.0,13.37,0.0
1215.8,0,0,1,0,0.0,0.0,0.022,0.0,13.37,0.0
1216.8,0,0,1,0,0.0,0.0,0.056,0.0,12.54,0.0
1217.9,1,1,1,0,0.184,0.109,0.295,0.0,13.92,0.0
1218.9,0,0,1,0,0.005,0.003,0.231,0.0,13.92,0.0
1219.9,0,0,1,0,0.0,0.0,0.019,0.0,15.2,0.0
1220.9,0,0,1,0,0.0,0.0,0.089,0.0,14.27,0.0
1222.0,0,0,1,0,0.0,0.0,0.029,0.0,14.27,0.0
1223.0,0,0,1,0,0.0,0.0,0.068,0.0,13.4,0.0
1224.0,0,0,1,0,0.0,0.0,0.211,0.0,12.59,0.0
1225.0,0,0,0,0,0.0,0.0,0.006,0.0,12.59,0.0
1226.1,1,1,1,0,1286.082,0.013,2572.152,0.0,13.91,0.0
1227.1,0,0,1,0,36.329,0.0,72.728,0.0,13.91,0.0
1228.1,0,0,1,0,1.026,0.0,2.108,0.0,15.14,0.0
1229.1,0,0,1,0,0.029,0.0,964.72,0.0,14.21,0.0
1230.2,0,0,1,0,0.001,0.0,27.511,0.0,14.21,0.0
1231.2,0,0,1,0,0.0,0.0,0.999,0.0,13.4,0.0
1232.2,0,0,1,0,0.0,0.0,0.041,0.0,12.57,0.0
1233.3,1,1,1,0,0.074,0.053,0.113,0.0,12.57,0.0
1234.3,0,0,1,0,0.002,0.002,0.235,0.0,13.95,0.0
1235.3,0,0,1,0,0.0,0.0,0.162,0.0,15.21,0.0
1236.3,0,0,1,0,0.0,0.0,0.031,0.0,15.21,0.0
1237.4,0,0,1,0,0.0,0.0,428.846,0.0,14.28,0.0
1238.4,0,0,1,0,0.0,0.0,12.14,0.0,13.41,0.0
1239.4,0,0,1,0,0.0,0.0,0.414,0.0,13.41,0.0
1240.5,1,1,1,0,0.265,0.155,0.432,0.0,12.59,0.0
1241.5,0,0,1,0,0.007,0.004,0.234,0.0,13.91,0.0
1242.5,0,0,1,0,0.0,0.0,0.025,0.0,13.91,0.0
1243.5,0,0,1,0,0.0,0.0,0.128,0.0,15.17,0.0
1244.6,0,0,1,0,0.0,0.0,0.041,0.0,14.26,0.0
1245.6,0,0,1,0,0.0,0.0,0.09,0.0,14.26,0.0
1246.6,0,0,1,0,0.0,0.0,0.302,0.0,12.63,0.0
1247.6,0,0,0,0,0.0,0.0,0.009,0.0,12.63,0.0
1248.7,1,1,1,0,0.031,0.018,0.044,0.0,14.04,0.0
1249.7,0,0,1,0,0.001,0.001,0.104,0.0,15.39,0.0
1250.7,0,0,1,0,0.0,0.0,0.056,0.0,15.39,0.0
1251.7,0,0,1,0,0.0,0.0,964.71,0.0,14.47,0.0
1252.8,0,0,1,0,0.0,0.0,27.304,0.0,13.58,0.0
1253.8,0,0,1,0,0.0,0.0,965.323,0.0,13.58,0.0
1254.8,0,0,1,0,0.0,0.0,991.838,0.0,12.75,0.0
1255.8,1,1,1,0,0.106,0.076,28.177,0.0,14.09,0.0
1256.9,0,0,1,0,0.003,0.002,1.127,0.0,14.09,0.0
1257.9,0,0,1,0,0.0,0.0,0.254,0.0,15.28,0.0
1258.9,0,0,1,0,0.0,0.0,0.044,0.0,14.39,0.0
1259.9,0,0,1,0,0.0,0.0,0.237,0.0,14.39,0.0
1261.0,0,0,1,0,0.0,0.0,0.044,0.0,13.51,0.0
1262.0,0,0,1,0,0.0,0.0,0.115,0.0,12.69,0.0
1263.0,1,1,1,0,0.38,0.223,0.606,0.0,12.69,0.0
1264.0,0,0,0,0,0.011,0.006,0.017,0.0,14.03,0.0
1265.1,0,0,1,0,0.0,0.0,0.039,0.0,15.2,0.0
1266.1,0,0,1,0,0.0,0.0,0.184,0.0,15.2,0.0
1267.1,0,0,1,0,0.0,0.0,0.058,0.0,14.3,0.0
1268.1,0,0,1,0,0.0,0.0,0.137,0.0,13.41,0.0
1269.2,0,0,1,0,0.0,0.0,0.113,0.0,13.41,0.0
1270.2,0,0,1,0,0.0,0.0,1286.073,0.0,12.58,0.0
1271.2,1,1,1,0,0.044,0.026,36.391,0.0,13.93,0.0
1272.2,0,0,1,0,0.001,0.001,1.174,0.0,13.93,0.0
1273.3,0,0,1,0,0.0,0.0,0.142,0.0,15.18,0.0
1274.3,0,0,1,0,0.0,0.0,0.244,0.0,14.26,0.0
1275.3,0,0,1,0,0.0,0.0,0.083,0.0,14.26,0.0
1276.3,0,0,1,0,0.0,0.0,0.015,0.0,13.4,0.0
1277.4,0,0,1,0,0.0,0.0,0.039,0.0,12.59,0.0
1278.4,1,1,1,0,0.153,0.109,0.263,0.0,12.59,0.0
1279.4,0,0,1,0,0.004,0.003,0.164,0.0,13.93,0.0
1280.4,0,0,1,0,0.0,0.0,1286.074,0.0,15.2,0.0
1281.5,0,0,1,0,0.0,0.0,1322.451,0.0,15.2,0.0
1282.5,0,0,1,0,0.0,0.0,37.374,0.0,14.37,0.0
1283.5,0,0,1,0,0.0,0.0,965.661,0.0,13.54,0.0
1284.6,0,0,1,0,0.0,0.0,27.439,0.0,12.71,0.0
1285.6,1,0,1,0,0.222,0.0,0.997,0.0,12.71,0.0
1286.6,1,1,1,0,964.558,964.552,1929.132,0.0,14.01,0.0
1287.6,0,0,1,0,27.246,27.246,54.549,0.0,15.27,0.0
1288.7,0,0,1,0,0.77,0.77,1.801,0.0,14.38,0.0
1289.7,0,0,1,0,0.022,0.022,0.127,0.0,14.38,0.0
1290.7,0,0,1,0,0.001,0.001,0.197,0.0,13.54,0.0
1291.7,0,0,1,0,0.0,0.0,0.16,0.0,13.54,0.0
1292.8,0,0,1,0,0.0,0.0,0.017,0.0,12.7,0.0
1293.8,1,1,1,0,0.064,0.038,0.091,0.0,14.05,0.0
1294.8,0,0,1,0,0.002,0.001,0.215,0.0,14.05,0.0
1295.8,0,0,1,0,0.0,0.0,0.16,0.0,15.31,0.0
1296.8,0,0,1,0,0.0,0.0,0.031,0.0,14.36,0.0
1297.9,0,0,1,0,0.0,0.0,771.752,0.0,14.36,0.0
1298.9,0,0,1,0,0.0,0.0,21.818,0.0,13.47,0.0
1299.9,0,0,1,0,0.0,0.0,0.688,0.0,12.64,0.0
1301.0,1,1,1,0,0.264,0.155,0.392,0.0,12.64,0.0
1302.0,0,0,1,0,0.007,0.004,0.233,0.0,13.96,0.0
1303.0,0,0,1,0,0.0,0.0,0.025,0.0,15.17,0.0
1304.0,0,0,1,0,0.0,0.0,0.09,0.0,15.17,0.0
1305.0,0,0,1,0,0.0,0.0,0.04,0.0,14.27,0.0
1306.1,0,0,1,0,0.0,0.0,0.09,0.0,13.41,0.0
1307.1,0,0,1,0,0.0,0.0,0.235,0.0,13.41,0.0
1308.1,0,0,0,0,0.0,0.0,0.007,0.0,12.61,0.0
1309.2,1,1,1,0,0.026,0.018,0.039,0.0,13.95,0.0
1310.2,0,0,1,0,0.001,0.001,0.08,0.0,13.95,0.0
1311.2,0,0,1,0,0.0,0.0,0.056,0.0,15.17,0.0
1312.2,0,0,1,0,0.0,0.0,1286.179,0.0,14.23,0.0
1313.3,0,0,1,0,0.0,0.0,36.384,0.0,14.23,0.0
1314.3,0,0,1,0,0.0,0.0,772.669,0.0,13.4,0.0
1315.3,0,0,1,0,0.0,0.0,793.486,0.0,12.61,0.0
1316.3,1,1,1,0,0.091,0.053,22.558,0.0,12.61,0.0
1317.4,0,0,1,0,0.003,0.002,0.935,0.0,13.91,0.0
1318.4,0,0,1,0,0.0,0.0,0.249,0.0,15.17,0.0
1319.4,0,0,1,0,0.0,0.0,0.045,0.0,15.17,0.0
1320.4,0,0,1,0,0.0,0.0,0.17,0.0,14.23,0.0
1321.5,0,0,1,0,0.0,0.0,0.031,0.0,13.35,0.0
1322.5,0,0,1,0,0.0,0.0,0.103,0.0,13.35,0.0
1323.5,1,1,1,0,0.38,0.223,0.54,0.0,13.86,0.0
1324.5,0,0,0,0,0.011,0.006,0.015,0.0,13.86,0.0
1325.6,0,0,1,0,0.0,0.0,551.199,0.0,15.12,0.0
1326.6,0,0,1,0,0.0,0.0,15.697,0.0,14.18,0.0
1327.6,0,0,1,0,0.0,0.0,0.497,0.0,14.18,0.0
1328.6,0,0,1,0,0.0,0.0,0.141,0.0,13.35,0.0
1329.7,0,0,1,0,0.0,0.0,0.334,0.0,12.58,0.0
1330.7,0,0,0,0,0.0,0.0,0.009,0.0,12.58,0.0
1331.7,1,1,1,0,0.037,0.026,0.055,0.0,13.95,0.0
1332.7,0,0,1,0,0.001,0.001,0.116,0.0,15.21,0.0
1333.8,0,0,1,0,0.0,0.0,0.079,0.0,15.21,0.0
1334.8,0,0,1,0,0.0,0.0,0.171,0.0,14.26,0.0
1335.8,0,0,1,0,0.0,0.0,0.081,0.0,13.38,0.0
1336.9,0,0,1,0,0.0,0.0,0.015,0.0,13.38,0.0
1337.9,0,0,1,0,0.0,0.0,0.04,0.0,12.55,0.0
1338.9,1,1,1,0,0.13,0.076,0.207,0.0,13.91,0.0
1339.9,0,0,1,0,0.004,0.002,0.161,0.0,13.91,0.0
1341.0,0,0,1,0,0.0,0.0,643.039,0.0,15.2,0.0
1342.0,0,0,1,0,0.0,0.0,1304.287,0.0,14.26,0.0
1343.0,0,0,1,0,0.0,0.0,36.861,0.0,14.26,0.0
1344.0,0,0,1,0,0.0,0.0,965.631,0.0,13.38,0.0
1345.1,0,0,1,0,0.0,0.0,27.424,0.0,12.55,0.0
1346.1,1,0,1,0,0.222,0.0,1.219,0.0,12.55,0.0
1347.1,1,1,1,0,1286.076,1286.069,1286.104,0.0,13.92,0.0
1348.1,0,0,1,0,36.328,36.328,36.38,0.0,15.18,0.0
1349.2,0,0,1,0,1.026,1.026,1.289,0.0,15.18,0.0
1350.2,0,0,1,0,0.029,0.029,0.113,0.0,14.24,0.0
1351.2,0,0,1,0,0.001,0.001,0.185,0.0,13.35,0.0
1352.2,0,0,1,0,0.0,0.0,0.161,0.0,13.35,0.0
1353.2,0,0,1,0,0.0,0.0,643.039,0.0,12.52,0.0
1354.3,1,1,1,0,0.063,0.037,18.254,0.0,12.52,0.0
1355.3,0,0,1,0,0.002,0.001,0.725,0.0,13.88,0.0
1356.3,0,0,1,0,0.0,0.0,0.13,0.0,15.15,0.0
1357.3,0,0,1,0,0.0,0.0,0.022,0.0,15.15,0.0
1358.4,0,0,1,0,0.0,0.0,1286.179,0.0,14.21,0.0
1359.4,0,0,1,0,0.0,0.0,36.35,0.0,13.32,0.0
1360.4,0,0,1,0,0.0,0.0,1.082,0.0,13.32,0.0
1361.4,1,1,1,0,0.218,0.155,0.404,0.0,12.49,0.0
1362.5,0,0,1,0,0.006,0.004,0.236,0.0,13.86,0.0
1363.5,0,0,1,0,0.0,0.0,0.02,0.0,13.86,0.0
1364.5,0,0,1,0,0.0,0.0,0.09,0.0,15.14,0.0
1365.5,0,0,1,0,0.0,0.0,0.04,0.0,14.2,0.0
1366.6,0,0,1,0,0.0,0.0,0.09,0.0,14.2,0.0
1367.6,0,0,1,0,0.0,0.0,0.235,0.0,13.31,0.0
1368.6,0,0,0,0,0.0,0.0,0.007,0.0,12.48,0.0
1369.6,1,1,1,0,0.026,0.013,1286.095,0.0,13.84,0.0
1370.7,0,0,1,0,0.001,0.0,36.409,0.0,15.11,0.0
1371.7,0,0,1,0,0.0,0.0,1.082,0.0,15.11,0.0
1372.7,0,0,1,0,0.0,0.0,1286.209,0.0,14.17,0.0
1373.7,0,0,1,0,0.0,0.0,36.386,0.0,13.29,0.0
1374.7,0,0,1,0,0.0,0.0,965.58,0.0,13.29,0.0
1375.8,0,0,1,0,0.0,0.0,1313.363,0.0,12.46,0.0
1376.8,1,1,1,0,0.091,0.053,37.243,0.0,13.83,0.0
1377.8,0,0,1,0,0.003,0.002,1.384,0.0,13.83,0.0
1378.8,0,0,1,0,0.0,0.0,0.263,0.0,15.11,0.0
1379.9,0,0,1,0,0.0,0.0,0.045,0.0,14.18,0.0
1380.9,0,0,1,0,0.0,0.0,0.236,0.0,14.18,0.0
1381.9,0,0,1,0,0.0,0.0,0.033,0.0,13.3,0.0
1382.9,0,0,1,0,0.0,0.0,0.104,0.0,12.47,0.0
1384.0,1,1,1,0,0.376,0.22,0.535,0.0,12.47,0.0
1385.0,0,0,0,0,0.011,0.006,0.015,0.0,13.85,0.0
1386.0,0,0,1,0,0.0,0.0,643.061,0.0,15.14,0.0
1387.0,0,0,1,0,0.0,0.0,18.347,0.0,15.14,0.0
1388.1,0,0,1,0,0.0,0.0,0.571,0.0,14.2,0.0
1389.1,0,0,1,0,0.0,0.0,0.143,0.0,13.32,0.0
1390.1,0,0,1,0,0.0,0.0,0.114,0.0,13.32,0.0
1391.1,0,0,1,0,0.0,0.0,1286.073,0.0,12.5,0.0
1392.2,1,1,1,0,0.044,0.026,36.391,0.0,13.91,0.0
1393.2,0,0,1,0,0.001,0.001,1.175,0.0,13.91,0.0
1394.2,0,0,1,0,0.0,0.0,0.109,0.0,15.24,0.0
